,Player,Rk,Age,Team,Pos,G,GS,MP,FG,FGA,FG%,3P,3PA,3P%,2P,2PA,2P%,eFG%,FT,FTA,FT%,ORB,DRB,TRB,AST,STL,BLK,TOV,PF,PTS,Dist.,% of FGA by 0-3 feet,% of FGA by 3-10 feet,% of FGA by 10-16 feet,% of FGA by 16 feet - 3P,% of FGA by 3P area,% of 2PFG Ast'd,% of 3P Ast'd,%3PA Corner,PER,TS%,3PAr,FTr,ORB%,DRB%,TRB%,AST%,STL%,BLK%,TOV%,USG%,OWS,DWS,WS,WS/48,OBPM,DBPM,BPM,VORP
0,Amen Thompson,1,23,HOU,PG,79,79,2953,9.4,17.7,0.534,0.4,2.0,0.216,9.0,15.7,0.573,0.545,5.1,6.6,0.779,4.0,6.4,10.4,7.1,2.0,0.8,3.2,3.0,24.4,7.8,0.383,0.333,0.112,0.06,0.111,0.53,0.96,0.586,18.9,0.594,0.111,0.374,8.9,14.0,11.5,20.4,2.0,1.5,13.5,20.0,6.5,3.8,10.3,0.167,1.6,1.0,2.6,3.4
1,Kevin Durant,2,37,HOU,SF,78,78,2840,12.6,24.2,0.52,3.3,7.9,0.413,9.3,16.3,0.572,0.588,7.2,8.2,0.874,0.7,6.8,7.5,6.5,1.1,1.2,4.3,2.5,35.6,16.4,0.065,0.145,0.307,0.156,0.327,0.472,0.731,0.102,21.1,0.641,0.327,0.339,1.6,14.8,8.3,20.7,1.1,2.3,13.5,27.1,7.5,3.2,10.7,0.18,4.4,0.1,4.5,4.7
2,Desmond Bane,3,27,ORL,SG,82,82,2756,10.2,21.0,0.484,2.9,7.4,0.391,7.2,13.6,0.535,0.553,5.5,6.0,0.908,1.7,4.2,5.9,5.9,1.5,0.6,2.9,4.4,28.7,13.5,0.226,0.251,0.105,0.065,0.354,0.526,0.796,0.197,16.9,0.607,0.354,0.287,3.9,9.8,6.8,19.3,1.5,1.2,10.8,23.3,4.8,2.6,7.4,0.129,1.6,-0.2,1.4,2.3
3,Toumani Camara,4,25,POR,PF,82,82,2731,6.9,15.6,0.44,3.8,10.4,0.37,3.0,5.2,0.579,0.563,1.7,2.4,0.708,2.3,5.1,7.4,3.5,1.6,0.6,2.5,4.1,19.2,18.1,0.175,0.135,0.02,0.006,0.664,0.659,0.886,0.296,11.3,0.578,0.664,0.154,5.0,11.7,8.4,10.4,1.6,1.1,13.1,16.3,2.1,2.7,4.8,0.084,-1.0,0.0,-1.0,0.7
4,Jabari Smith Jr.,5,22,HOU,PF,77,77,2705,8.1,18.0,0.45,3.3,9.0,0.363,4.8,9.0,0.537,0.541,3.0,3.9,0.775,2.0,7.8,9.8,2.6,1.0,1.3,1.9,3.5,22.4,16.8,0.137,0.147,0.155,0.061,0.501,0.67,0.966,0.357,13.5,0.57,0.501,0.215,4.5,17.0,10.8,7.3,1.0,2.4,9.0,18.2,3.4,3.3,6.6,0.118,-0.5,-0.2,-0.7,0.9
5,Mikal Bridges,6,29,NYK,SF,82,82,2692,8.7,17.7,0.49,2.9,7.7,0.371,5.8,10.0,0.582,0.571,1.5,1.8,0.827,1.5,4.3,5.7,5.6,2.0,1.1,1.5,2.9,21.8,15.0,0.202,0.144,0.168,0.049,0.436,0.684,0.987,0.455,15.3,0.587,0.436,0.102,3.3,9.7,6.5,15.9,2.0,2.4,7.6,17.3,4.7,3.3,8.0,0.143,1.3,1.4,2.7,3.2
6,Scottie Barnes,7,24,TOR,PF,80,80,2681,10.4,20.4,0.507,1.2,4.1,0.304,9.1,16.4,0.557,0.537,4.4,5.4,0.815,2.7,8.2,10.9,8.6,2.1,2.1,3.8,3.8,26.3,10.6,0.302,0.249,0.181,0.069,0.199,0.557,0.926,0.259,19.2,0.577,0.199,0.264,6.3,19.3,12.7,26.3,2.1,4.2,14.3,23.4,3.3,4.5,7.8,0.14,1.9,2.3,4.2,4.2
7,Tyrese Maxey,8,25,PHI,PG,70,70,2661,12.6,27.2,0.462,4.0,10.9,0.367,8.6,16.4,0.525,0.536,6.7,7.6,0.892,0.4,4.8,5.3,8.4,2.4,1.0,3.1,2.7,35.9,14.9,0.232,0.203,0.094,0.073,0.399,0.378,0.595,0.077,21.9,0.588,0.399,0.278,1.0,11.0,5.9,28.9,2.4,1.9,9.2,29.4,5.9,2.8,8.7,0.156,5.0,0.5,5.4,4.9
8,Jamal Murray,9,28,DEN,PG,75,75,2652,12.1,25.0,0.483,4.5,10.4,0.435,7.6,14.7,0.517,0.573,6.4,7.2,0.887,0.6,5.5,6.1,9.8,1.2,0.5,3.1,2.4,35.1,16.3,0.127,0.195,0.14,0.124,0.414,0.342,0.563,0.107,21.8,0.622,0.414,0.287,1.4,12.0,7.0,31.1,1.2,1.0,10.0,27.9,7.8,1.7,9.5,0.173,5.5,-1.4,4.1,4.1
9,Derrick White,10,31,BOS,SG,77,77,2625,8.4,21.4,0.394,4.0,12.3,0.327,4.4,9.0,0.487,0.489,3.5,3.9,0.902,1.7,4.9,6.5,8.0,1.7,1.9,2.6,2.3,24.4,19.2,0.073,0.159,0.125,0.065,0.578,0.474,0.718,0.114,16.0,0.529,0.578,0.184,3.7,10.4,7.1,22.2,1.7,3.8,10.1,22.0,3.5,3.5,7.0,0.129,2.2,1.0,3.2,3.5
10,VJ Edgecombe,11,20,PHI,SG,75,75,2623,8.3,19.0,0.438,2.7,7.7,0.354,5.6,11.2,0.496,0.51,2.7,3.3,0.818,2.2,5.5,7.8,5.8,2.0,0.7,2.5,3.9,22.1,14.8,0.222,0.176,0.124,0.069,0.409,0.437,0.812,0.138,14.0,0.54,0.409,0.176,5.0,12.7,8.8,17.4,2.0,1.4,11.0,20.1,1.9,2.5,4.4,0.081,-0.4,-0.1,-0.5,1.0
11,Julius Randle,12,31,MIN,PF,79,79,2610,10.6,22.1,0.481,2.0,6.3,0.315,8.6,15.8,0.547,0.526,7.3,9.1,0.802,2.4,7.3,9.7,7.3,1.6,0.3,4.0,4.1,30.5,12.1,0.27,0.229,0.14,0.074,0.287,0.439,0.853,0.22,18.4,0.585,0.287,0.411,5.7,16.5,11.2,23.1,1.6,0.6,13.2,26.5,4.3,3.1,7.4,0.135,1.5,0.0,1.5,2.3
12,Brandon Ingram,13,28,TOR,SF,77,77,2604,11.5,24.1,0.477,2.5,6.6,0.382,9.0,17.5,0.512,0.529,5.5,6.7,0.82,1.2,6.9,8.1,5.3,1.1,1.0,3.5,2.8,31.0,14.8,0.147,0.136,0.266,0.177,0.274,0.424,0.933,0.252,16.3,0.573,0.274,0.276,2.7,16.1,9.4,16.8,1.1,2.0,11.5,26.9,1.5,3.1,4.6,0.084,1.0,-0.5,0.5,1.7
13,Nickeil Alexander-Walker,14,27,ATL,SG,78,71,2603,9.9,21.7,0.459,4.6,11.4,0.399,5.4,10.3,0.525,0.564,5.0,5.6,0.902,0.9,3.9,4.9,5.2,1.9,0.8,2.9,3.1,29.5,16.3,0.216,0.128,0.078,0.052,0.526,0.519,0.92,0.262,16.5,0.61,0.526,0.257,2.1,9.1,5.6,15.8,1.9,1.5,10.9,23.9,3.6,2.7,6.3,0.116,1.6,-0.4,1.2,2.1
14,Jalen Brunson,15,29,NYK,PG,74,74,2590,13.2,28.2,0.467,3.7,10.1,0.369,9.5,18.1,0.522,0.533,6.8,8.1,0.841,0.6,4.1,4.7,9.6,1.1,0.2,3.4,3.3,36.9,15.2,0.116,0.222,0.207,0.097,0.358,0.213,0.559,0.167,20.1,0.58,0.358,0.285,1.3,9.4,5.3,31.3,1.1,0.3,9.5,30.4,6.5,2.2,8.8,0.163,4.0,-0.9,3.1,3.3
15,Payton Pritchard,16,28,BOS,PG,79,50,2556,10.0,21.6,0.464,4.2,11.1,0.377,5.8,10.5,0.556,0.561,2.4,2.7,0.89,1.4,4.8,6.2,8.1,1.1,0.2,2.2,2.3,26.6,18.4,0.083,0.171,0.173,0.057,0.515,0.245,0.736,0.075,17.1,0.584,0.515,0.125,3.0,10.2,6.7,23.5,1.1,0.4,8.7,21.4,6.1,2.4,8.5,0.16,2.6,-0.3,2.3,2.8
16,Kon Knueppel,17,20,CHO,SF,81,80,2551,10.0,21.1,0.475,5.3,12.5,0.425,4.7,8.6,0.548,0.601,3.8,4.4,0.863,1.9,6.5,8.4,5.3,1.1,0.4,3.1,3.3,29.1,17.9,0.141,0.171,0.078,0.018,0.592,0.591,0.923,0.209,17.1,0.633,0.592,0.208,4.4,14.6,9.6,16.6,1.1,0.7,12.0,22.3,5.6,2.5,8.0,0.151,3.1,-0.4,2.8,3.1
17,Jalen Johnson,18,24,ATL,SF,72,72,2532,11.2,22.9,0.489,2.2,6.4,0.352,9.0,16.5,0.541,0.537,5.6,7.1,0.788,1.9,11.9,13.8,10.6,1.7,0.6,4.6,2.8,30.2,12.0,0.252,0.273,0.144,0.053,0.278,0.481,0.825,0.065,20.4,0.581,0.278,0.311,4.3,27.8,15.9,33.5,1.7,1.1,14.9,27.0,3.6,3.9,7.5,0.141,2.8,1.4,4.2,4.0
18,Dyson Daniels,19,22,ATL,SG,76,76,2520,7.5,14.6,0.517,0.4,2.2,0.188,7.1,12.4,0.576,0.532,1.4,2.3,0.615,3.4,6.3,9.7,8.4,2.8,0.6,2.5,3.1,16.9,7.3,0.409,0.382,0.057,0.001,0.151,0.574,1.0,0.333,15.5,0.542,0.151,0.157,7.8,14.7,11.2,23.9,2.8,1.1,14.0,16.0,3.1,3.6,6.6,0.126,-0.6,1.8,1.3,2.1
19,Paolo Banchero,20,23,ORL,PF,72,72,2502,10.2,22.1,0.459,1.6,5.3,0.305,8.5,16.8,0.507,0.496,8.8,11.3,0.775,1.6,10.0,11.6,7.2,1.0,0.8,4.3,2.8,30.7,11.1,0.289,0.261,0.151,0.06,0.239,0.445,0.762,0.178,17.6,0.566,0.239,0.512,3.8,23.4,13.5,23.4,1.0,1.4,13.6,27.6,2.0,3.0,5.0,0.095,1.4,0.0,1.4,2.1
20,Donte DiVincenzo,21,29,MIN,SG,82,82,2494,6.5,16.0,0.406,4.7,12.3,0.379,1.8,3.7,0.497,0.552,1.5,2.0,0.743,1.3,5.1,6.4,6.0,2.0,0.7,2.3,3.8,19.1,20.9,0.103,0.089,0.028,0.01,0.771,0.621,0.906,0.228,12.5,0.567,0.771,0.126,3.0,11.6,7.4,16.8,2.0,1.2,11.8,16.9,2.3,2.9,5.2,0.1,0.0,0.7,0.8,1.7
21,Jaylen Brown,22,29,BOS,SF,71,71,2443,15.2,32.0,0.477,2.9,8.4,0.347,12.3,23.6,0.523,0.522,8.8,11.1,0.795,1.7,8.5,10.2,7.5,1.5,0.6,5.4,4.0,42.2,13.6,0.16,0.262,0.171,0.145,0.262,0.324,0.536,0.119,22.0,0.573,0.262,0.347,3.7,18.1,11.1,25.9,1.5,1.1,12.7,36.2,3.5,3.4,6.9,0.135,3.5,-0.1,3.3,3.3
22,James Harden,23,36,2TM,PG,70,70,2438,9.8,22.6,0.434,4.3,11.5,0.375,5.5,11.1,0.495,0.529,9.3,10.6,0.884,0.8,6.0,6.8,11.2,1.6,0.6,4.9,2.8,33.3,16.8,0.139,0.224,0.093,0.033,0.51,0.114,0.414,0.052,20.7,0.61,0.51,0.467,1.9,13.6,7.9,34.7,1.6,1.1,15.3,28.6,5.6,2.1,7.7,0.151,4.6,-0.8,3.9,3.6
23,DeMar DeRozan,24,36,SAC,PF,77,77,2406,10.0,20.2,0.497,0.9,3.0,0.32,9.1,17.2,0.527,0.52,7.5,8.7,0.868,0.7,3.8,4.5,6.4,1.6,0.5,1.9,3.0,28.5,14.2,0.091,0.184,0.302,0.277,0.146,0.42,0.894,0.361,17.8,0.594,0.146,0.429,1.6,9.1,5.3,20.0,1.6,0.9,7.4,22.8,5.2,0.4,5.6,0.112,0.9,-1.0,-0.1,1.1
24,Alperen Şengün,25,23,HOU,C,72,72,2398,12.1,23.4,0.519,0.8,2.7,0.305,11.3,20.7,0.547,0.537,5.4,7.8,0.691,4.5,8.9,13.3,9.3,1.8,1.6,4.7,5.0,30.5,8.5,0.285,0.414,0.146,0.038,0.117,0.422,0.825,0.053,21.4,0.569,0.117,0.335,10.1,19.4,14.8,28.9,1.8,3.0,15.0,26.6,4.4,3.6,8.0,0.161,2.7,1.5,4.2,3.7
25,Miles Bridges,26,27,CHO,PF,77,77,2387,10.0,21.6,0.46,3.1,9.2,0.333,6.9,12.4,0.554,0.531,4.3,5.3,0.822,1.6,7.8,9.3,5.1,1.0,0.7,2.2,2.7,27.3,13.8,0.231,0.286,0.041,0.014,0.427,0.523,0.926,0.279,16.0,0.57,0.427,0.243,3.6,17.4,10.6,15.9,1.0,1.3,8.5,22.3,4.0,2.5,6.5,0.13,1.2,-0.1,1.1,1.9
26,Rudy Gobert,27,33,MIN,C,76,76,2380,6.7,9.9,0.682,0.0,0.1,0.0,6.7,9.8,0.689,0.682,3.2,6.1,0.526,6.0,11.5,17.5,2.6,1.2,2.5,2.1,4.0,16.6,2.3,0.78,0.193,0.012,0.004,0.01,0.657,0.0,0.4,17.5,0.664,0.01,0.615,14.1,25.9,20.1,7.2,1.2,4.5,14.5,12.9,4.8,4.0,8.7,0.176,0.0,0.9,1.0,1.8
27,Ryan Rollins,28,23,MIL,PG,74,67,2376,10.1,21.3,0.472,3.8,9.4,0.406,6.3,11.9,0.523,0.561,2.6,3.2,0.796,1.1,5.9,7.0,8.6,2.3,0.6,4.2,4.0,26.5,15.6,0.204,0.152,0.13,0.074,0.44,0.248,0.636,0.214,16.2,0.583,0.44,0.152,2.6,13.4,8.0,27.1,2.3,1.3,15.5,24.2,1.7,1.8,3.4,0.069,0.7,-0.5,0.2,1.3
28,Bam Adebayo,29,28,MIA,C,73,73,2365,9.9,22.5,0.442,2.5,7.8,0.318,7.4,14.6,0.509,0.497,6.5,8.3,0.778,2.9,11.4,14.4,4.6,1.7,1.0,2.4,2.4,28.8,13.3,0.205,0.252,0.148,0.045,0.349,0.612,0.961,0.313,18.7,0.551,0.349,0.369,6.5,25.7,16.1,14.1,1.7,1.8,8.3,25.0,2.8,3.6,6.4,0.129,1.5,0.4,2.0,2.4
29,Cooper Flagg,30,19,DAL,SF,70,70,2344,11.3,24.0,0.468,1.4,4.9,0.295,9.8,19.1,0.513,0.498,5.7,6.9,0.827,1.7,7.6,9.4,6.4,1.7,1.3,3.2,2.9,29.6,11.5,0.218,0.311,0.151,0.116,0.204,0.402,0.708,0.119,17.9,0.548,0.204,0.286,3.9,17.0,10.5,21.5,1.7,2.3,10.7,26.9,1.3,2.5,3.8,0.078,1.0,0.4,1.4,2.0
30,Donovan Mitchell,31,29,CLE,SG,70,70,2342,13.9,28.8,0.483,4.6,12.6,0.364,9.3,16.1,0.577,0.563,7.6,8.8,0.865,1.0,5.5,6.5,8.2,2.1,0.4,4.1,3.3,40.1,15.7,0.189,0.192,0.113,0.067,0.439,0.275,0.607,0.12,22.9,0.613,0.439,0.306,2.4,12.4,7.4,27.9,2.1,0.8,11.1,32.2,5.8,2.4,8.2,0.169,5.2,-0.2,5.1,4.2
31,Trey Murphy III,32,25,NOP,SF,66,66,2341,10.1,21.5,0.47,4.4,11.5,0.379,5.7,9.9,0.577,0.572,4.5,5.0,0.886,1.3,6.4,7.7,5.1,2.0,0.5,2.5,2.8,29.0,17.0,0.21,0.154,0.071,0.026,0.538,0.721,0.832,0.096,18.3,0.613,0.538,0.234,2.9,14.6,8.7,16.2,2.0,1.0,9.4,22.7,4.5,1.6,6.0,0.123,3.0,-0.6,2.4,2.6
32,Brandin Podziemski,33,22,GSW,SG,82,43,2333,8.2,18.0,0.455,3.2,8.6,0.371,5.0,9.4,0.531,0.543,4.0,5.0,0.797,1.5,7.2,8.7,6.3,1.8,0.3,2.7,2.8,23.5,16.5,0.15,0.174,0.13,0.069,0.476,0.548,0.824,0.143,15.0,0.583,0.476,0.278,3.4,16.9,10.0,19.2,1.8,0.6,11.9,20.1,2.8,2.3,5.1,0.105,0.3,-0.1,0.2,1.3
33,Karl-Anthony Towns,34,30,NYK,C,75,75,2322,11.0,22.0,0.501,2.4,6.6,0.368,8.6,15.5,0.557,0.556,7.6,8.9,0.858,5.0,14.0,19.0,4.8,1.4,0.9,4.0,5.4,32.1,10.8,0.408,0.224,0.034,0.037,0.297,0.577,0.947,0.049,22.0,0.619,0.297,0.403,11.2,31.7,21.4,14.7,1.4,1.8,13.3,25.9,5.5,4.0,9.5,0.197,2.7,0.6,3.3,3.1
34,Jaden McDaniels,35,25,MIN,PF,73,73,2316,8.6,16.7,0.515,2.1,5.2,0.412,6.5,11.5,0.562,0.579,3.0,3.6,0.835,1.6,4.8,6.4,4.1,1.7,1.5,2.7,5.0,22.3,12.4,0.224,0.278,0.138,0.051,0.309,0.653,0.922,0.372,14.0,0.611,0.309,0.218,3.7,10.9,7.4,12.2,1.7,2.7,12.9,18.5,2.5,2.7,5.2,0.109,-0.9,0.6,-0.3,1.0
35,Onyeka Okongwu,36,25,ATL,C,74,63,2297,8.5,17.7,0.48,3.0,7.9,0.376,5.5,9.8,0.564,0.564,3.1,4.2,0.757,2.9,8.7,11.6,4.7,1.7,1.6,2.6,5.0,23.1,13.8,0.23,0.274,0.045,0.005,0.445,0.747,1.0,0.269,15.9,0.592,0.445,0.235,6.5,20.3,13.3,13.9,1.7,3.1,11.8,19.5,2.6,3.3,6.0,0.125,-0.1,0.8,0.7,1.6
36,Luka Dončić,37,26,LAL,PG,64,64,2289,14.8,31.1,0.476,5.4,14.8,0.366,9.4,16.3,0.575,0.563,10.7,13.8,0.78,0.9,9.7,10.6,11.3,2.2,0.7,5.4,3.3,45.7,17.8,0.076,0.198,0.186,0.063,0.476,0.219,0.382,0.058,27.9,0.616,0.476,0.443,2.2,22.5,12.7,40.5,2.2,1.4,12.8,38.1,6.6,2.9,9.5,0.199,8.0,1.3,9.3,6.6
37,Wendell Carter Jr.,38,26,ORL,C,78,78,2288,6.8,13.4,0.512,1.5,4.7,0.319,5.3,8.6,0.618,0.568,4.2,5.2,0.792,3.4,8.7,12.1,3.2,1.3,1.0,2.1,5.6,19.4,12.5,0.333,0.163,0.1,0.049,0.355,0.736,1.0,0.332,14.1,0.617,0.355,0.392,7.8,20.5,14.1,9.5,1.3,1.9,11.8,15.6,3.4,2.8,6.2,0.131,-1.0,0.5,-0.6,0.8
38,Collin Gillespie,39,26,PHO,PG,80,58,2282,7.6,18.2,0.418,5.0,12.5,0.401,2.6,5.7,0.455,0.556,1.6,1.9,0.874,1.9,5.2,7.1,8.0,2.1,0.3,2.7,2.8,21.9,21.3,0.056,0.082,0.128,0.048,0.686,0.375,0.746,0.151,15.3,0.575,0.686,0.103,4.2,12.0,8.0,23.3,2.1,0.7,12.4,18.7,3.6,2.5,6.2,0.13,1.9,0.6,2.5,2.6
39,Bub Carrington,40,20,WAS,PG,82,48,2271,6.5,15.5,0.424,3.5,8.6,0.408,3.0,6.8,0.443,0.538,1.7,2.3,0.73,0.7,5.1,5.8,7.9,1.1,0.4,4.0,3.8,18.3,20.1,0.053,0.109,0.116,0.163,0.559,0.29,0.698,0.13,9.9,0.556,0.559,0.15,1.5,11.7,6.5,23.0,1.1,0.7,19.5,18.0,-0.3,-0.1,-0.4,-0.009,-2.2,-2.5,-4.7,-1.6
40,A.J. Green,41,26,MIL,SG,78,68,2270,5.7,13.4,0.424,5.0,12.0,0.419,0.6,1.4,0.469,0.612,1.1,1.3,0.855,0.6,4.0,4.6,3.3,0.8,0.2,1.6,3.9,17.5,24.1,0.026,0.019,0.032,0.026,0.896,0.7,0.927,0.258,9.4,0.627,0.896,0.1,1.5,9.1,5.3,9.2,0.8,0.4,10.4,14.0,2.0,0.4,2.4,0.05,-1.5,-1.8,-3.3,-0.8
41,Julian Champagnie,42,24,SAS,SF,82,68,2266,6.4,14.6,0.437,4.1,10.9,0.381,2.2,3.8,0.599,0.578,2.4,2.9,0.844,1.6,8.5,10.0,2.7,1.3,0.8,1.5,2.8,19.3,19.6,0.154,0.078,0.02,0.004,0.743,0.698,0.974,0.363,13.1,0.609,0.743,0.196,3.6,18.4,11.2,7.3,1.3,1.5,8.4,15.2,2.8,3.4,6.2,0.132,0.5,0.8,1.4,1.9
42,Nikola Jokić,43,30,DEN,C,65,65,2265,13.9,24.4,0.569,2.4,6.4,0.38,11.5,18.0,0.636,0.618,8.6,10.3,0.831,4.1,13.9,18.0,15.0,2.0,1.1,5.2,3.7,38.8,11.5,0.216,0.374,0.11,0.04,0.261,0.564,0.804,0.061,32.3,0.67,0.261,0.424,10.0,30.4,20.7,50.3,2.0,2.2,15.3,30.4,11.5,3.4,14.9,0.316,10.1,4.1,14.2,9.2
43,CJ McCollum,44,34,2TM,PG,76,60,2264,11.0,24.1,0.455,4.0,10.7,0.375,7.0,13.5,0.519,0.538,3.8,4.9,0.772,1.3,4.0,5.3,6.1,1.3,0.7,2.8,3.0,29.7,16.4,0.135,0.185,0.146,0.092,0.442,0.347,0.665,0.151,15.9,0.566,0.442,0.205,2.9,9.2,6.0,19.7,1.3,1.4,9.7,25.7,1.9,1.0,3.0,0.063,1.4,-1.7,-0.3,1.0
44,Shai Gilgeous-Alexander,45,27,OKC,PG,68,68,2259,15.6,28.3,0.553,2.5,6.4,0.386,13.2,21.9,0.602,0.597,11.6,13.1,0.879,0.8,5.4,6.3,9.6,2.0,1.1,3.2,3.0,45.3,12.6,0.228,0.173,0.273,0.101,0.226,0.183,0.27,0.054,30.8,0.665,0.226,0.465,1.9,11.7,7.0,35.0,2.0,2.3,8.7,33.4,11.1,4.1,15.2,0.323,8.7,3.0,11.7,7.8
45,Matas Buzelis,46,21,CHI,PF,77,77,2248,9.3,20.1,0.463,3.6,10.3,0.349,5.7,9.7,0.583,0.553,3.9,5.0,0.786,1.6,7.7,9.3,3.3,1.1,2.4,3.3,3.7,26.1,14.5,0.319,0.145,0.013,0.008,0.514,0.553,0.925,0.253,14.8,0.586,0.514,0.247,3.7,17.3,10.6,10.3,1.1,4.5,13.0,22.8,0.4,2.1,2.6,0.055,-0.6,-0.4,-1.0,0.5
46,Saddiq Bey,47,26,NOP,SF,72,64,2246,9.3,20.6,0.451,3.2,8.8,0.367,6.1,11.8,0.514,0.529,5.3,6.3,0.841,2.6,5.9,8.5,3.9,1.4,0.1,1.4,2.0,27.1,13.6,0.27,0.209,0.071,0.024,0.426,0.442,0.927,0.308,17.1,0.579,0.426,0.305,5.7,13.5,9.6,11.9,1.4,0.3,5.8,21.6,4.5,1.0,5.4,0.116,2.3,-1.8,0.5,1.4
47,Max Christie,48,22,DAL,SG,77,68,2244,6.7,15.2,0.441,3.8,9.4,0.404,2.9,5.9,0.502,0.566,2.6,2.9,0.899,0.3,4.9,5.2,3.2,1.0,0.6,2.0,2.1,19.9,18.0,0.137,0.141,0.062,0.046,0.615,0.579,0.917,0.357,11.0,0.601,0.615,0.192,0.7,10.9,5.9,9.3,1.0,1.0,10.9,16.5,1.3,1.4,2.7,0.058,-1.0,-0.6,-1.5,0.3
48,De'Aaron Fox,49,28,SAS,PG,72,72,2231,11.0,22.5,0.486,2.8,8.5,0.332,8.1,14.0,0.58,0.549,4.0,5.3,0.76,0.9,4.9,5.8,9.6,1.9,0.4,3.5,3.5,28.8,14.4,0.201,0.204,0.151,0.067,0.377,0.302,0.702,0.213,17.6,0.578,0.377,0.235,2.1,10.7,6.5,29.6,1.9,0.8,12.4,24.9,3.4,3.0,6.4,0.138,1.5,0.6,2.2,2.4
49,Immanuel Quickley,50,26,TOR,PG,70,70,2231,8.8,19.8,0.443,3.9,10.4,0.374,4.9,9.4,0.52,0.541,3.7,4.5,0.821,0.8,5.3,6.2,9.1,2.0,0.1,2.2,3.1,25.1,17.7,0.105,0.178,0.15,0.041,0.526,0.426,0.865,0.143,16.6,0.577,0.526,0.229,1.9,12.5,7.2,26.4,2.0,0.2,9.3,21.1,3.9,2.6,6.5,0.14,1.9,0.6,2.4,2.5
50,Kris Dunn,51,31,LAC,PG,82,68,2230,5.1,10.6,0.476,1.8,4.8,0.374,3.3,5.9,0.559,0.56,1.4,1.8,0.765,1.3,4.8,6.0,6.6,2.9,0.3,2.5,4.2,13.3,14.3,0.187,0.27,0.082,0.013,0.449,0.449,1.0,0.411,11.3,0.581,0.449,0.17,3.1,10.8,7.1,17.9,2.9,0.6,17.8,12.4,1.7,2.3,4.0,0.085,-2.3,1.5,-0.8,0.6
51,OG Anunoby,52,28,NYK,PF,67,67,2224,8.7,17.9,0.484,3.5,9.1,0.386,5.2,8.9,0.584,0.581,4.1,4.9,0.828,1.9,5.9,7.8,3.2,2.3,1.1,2.7,3.7,24.9,14.5,0.31,0.106,0.055,0.024,0.506,0.668,0.968,0.459,15.8,0.62,0.506,0.275,4.3,13.4,8.8,9.2,2.3,2.2,12.0,19.7,3.1,3.2,6.3,0.135,0.9,1.1,2.0,2.3
52,Royce O'Neale,53,32,PHO,SF,78,67,2213,5.9,14.0,0.421,4.7,11.6,0.408,1.1,2.3,0.486,0.59,0.6,0.8,0.711,1.3,7.0,8.3,4.6,1.9,0.7,2.3,4.0,17.1,23.0,0.061,0.083,0.021,0.003,0.832,0.588,0.934,0.171,11.6,0.596,0.832,0.061,2.9,16.3,9.3,12.8,1.9,1.4,13.8,14.3,1.9,2.7,4.6,0.1,-0.3,1.0,0.7,1.5
53,Quentin Grimes,54,25,PHI,SG,75,19,2206,7.4,16.5,0.45,2.8,8.3,0.334,4.7,8.2,0.568,0.534,4.4,5.2,0.84,1.0,5.0,6.0,5.3,1.4,0.6,2.9,3.4,22.0,15.7,0.254,0.143,0.04,0.06,0.503,0.587,0.882,0.226,12.9,0.585,0.503,0.314,2.2,11.4,6.7,15.7,1.4,1.2,13.4,19.0,1.9,1.7,3.6,0.078,-0.9,-0.6,-1.6,0.2
54,Deni Avdija,55,25,POR,SF,66,66,2199,10.7,23.1,0.462,2.7,8.5,0.318,8.0,14.6,0.547,0.521,10.6,13.2,0.802,1.6,8.3,9.9,9.6,1.1,0.9,5.5,3.6,34.7,12.7,0.29,0.243,0.07,0.026,0.369,0.39,0.792,0.115,20.3,0.6,0.369,0.573,3.6,19.0,11.2,32.2,1.1,1.7,16.0,29.3,4.5,2.4,7.0,0.152,3.7,0.6,4.3,3.5
55,Naji Marshall,56,28,DAL,SF,74,47,2184,9.1,17.7,0.51,1.3,4.6,0.291,7.7,13.1,0.587,0.548,4.9,6.5,0.76,1.4,6.1,7.5,5.2,1.8,0.1,2.6,3.1,24.4,11.3,0.21,0.37,0.135,0.026,0.259,0.493,0.952,0.469,15.4,0.592,0.259,0.365,3.2,13.6,8.4,16.4,1.8,0.2,11.1,20.5,2.5,1.8,4.3,0.095,-0.7,0.1,-0.6,0.8
56,Cade Cunningham,57,24,DET,PG,64,64,2172,12.2,26.5,0.461,2.8,8.1,0.342,9.4,18.3,0.514,0.513,6.9,8.5,0.812,1.2,6.7,7.9,14.1,2.0,1.2,5.3,4.4,34.1,13.2,0.179,0.3,0.14,0.073,0.308,0.291,0.488,0.049,21.6,0.564,0.308,0.321,2.9,15.2,9.2,45.2,2.0,2.5,14.8,30.5,4.2,3.6,7.9,0.174,4.8,1.5,6.3,4.6
57,Reed Sheppard,58,21,HOU,SG,82,21,2147,9.5,22.0,0.43,5.3,13.4,0.394,4.2,8.6,0.486,0.55,1.6,2.0,0.802,0.7,4.9,5.5,6.4,2.8,1.3,2.9,3.9,25.8,19.9,0.074,0.124,0.126,0.068,0.609,0.356,0.749,0.144,15.7,0.564,0.609,0.091,1.5,10.7,6.1,18.6,2.8,2.3,11.1,21.7,2.7,3.1,5.9,0.131,1.2,1.5,2.7,2.5
58,Devin Booker,59,29,PHO,SG,64,64,2146,12.6,27.6,0.456,2.8,8.5,0.33,9.8,19.1,0.512,0.507,10.5,12.0,0.873,1.1,4.6,5.7,8.9,1.2,0.4,4.6,3.9,38.4,15.3,0.138,0.169,0.235,0.149,0.309,0.337,0.631,0.081,20.4,0.585,0.309,0.434,2.4,10.7,6.4,30.2,1.2,0.8,12.3,32.2,4.7,1.8,6.5,0.145,3.2,-1.0,2.2,2.3
59,Anthony Edwards,60,24,MIN,SG,61,60,2137,13.5,27.5,0.489,4.6,11.5,0.399,8.9,16.0,0.554,0.572,7.8,9.8,0.796,0.8,5.9,6.7,5.0,1.9,1.1,3.9,2.6,39.3,15.8,0.18,0.149,0.15,0.104,0.418,0.302,0.561,0.089,21.8,0.617,0.418,0.355,1.9,13.4,7.8,17.6,1.9,2.0,10.9,31.5,3.9,2.7,6.5,0.147,4.7,-0.1,4.5,3.5
60,Tim Hardaway Jr.,61,33,DEN,SG,80,6,2127,8.0,17.9,0.447,5.1,12.6,0.407,2.8,5.3,0.541,0.591,3.6,4.5,0.811,0.4,4.3,4.7,2.5,1.0,0.2,1.0,2.3,24.8,20.8,0.074,0.089,0.067,0.064,0.706,0.782,0.893,0.193,13.5,0.624,0.706,0.252,0.9,9.5,5.4,6.9,1.0,0.4,4.7,18.5,3.5,1.0,4.4,0.1,1.3,-1.9,-0.7,0.7
61,Jaime Jaquez Jr.,62,24,MIA,SF,75,1,2121,10.2,20.0,0.507,1.3,4.0,0.317,8.9,16.0,0.555,0.539,3.6,4.7,0.769,2.1,6.1,8.2,7.7,1.1,0.5,3.3,3.0,25.2,9.6,0.271,0.407,0.095,0.027,0.2,0.443,0.948,0.344,15.7,0.57,0.2,0.236,4.7,13.7,9.2,24.0,1.1,0.9,13.1,22.3,2.2,2.0,4.2,0.094,0.3,-0.1,0.1,1.1
62,Duncan Robinson,63,31,DET,SG,77,77,2113,7.3,16.0,0.456,5.0,12.3,0.41,2.2,3.7,0.605,0.613,1.9,2.5,0.755,0.7,4.0,4.7,3.6,1.0,0.5,1.2,3.8,21.5,20.8,0.083,0.119,0.021,0.009,0.768,0.745,0.977,0.265,12.4,0.629,0.768,0.158,1.6,9.2,5.4,10.1,1.0,1.0,6.7,15.8,3.8,2.3,6.1,0.139,0.8,-0.1,0.8,1.5
63,Jeremiah Fears,64,19,NOP,PG,82,49,2112,9.9,22.8,0.434,2.3,6.9,0.33,7.6,15.9,0.48,0.485,4.4,5.6,0.789,1.4,5.4,6.8,6.3,2.2,0.7,4.0,3.4,26.5,11.9,0.326,0.222,0.101,0.047,0.304,0.369,0.693,0.124,13.8,0.525,0.304,0.245,3.0,12.4,7.7,19.9,2.2,1.3,13.8,25.5,-0.8,1.4,0.6,0.015,-1.4,-1.3,-2.7,-0.4
64,Donovan Clingan,65,21,POR,C,77,77,2094,8.1,15.6,0.52,1.9,5.6,0.341,6.2,10.0,0.621,0.582,3.1,4.6,0.68,7.9,12.4,20.3,3.7,1.0,3.0,2.2,4.2,21.3,10.9,0.471,0.155,0.006,0.009,0.36,0.577,0.929,0.069,20.9,0.604,0.36,0.297,17.7,28.6,23.1,11.4,1.0,5.5,10.9,16.9,5.1,3.5,8.6,0.197,2.4,0.6,3.0,2.6
65,Kawhi Leonard,66,34,LAC,SF,65,65,2085,15.1,30.0,0.505,4.1,10.6,0.387,11.0,19.4,0.569,0.573,8.9,9.9,0.892,1.7,8.2,9.9,5.6,2.9,0.6,3.2,1.9,43.3,15.3,0.128,0.205,0.204,0.109,0.354,0.33,0.57,0.092,27.9,0.629,0.354,0.331,4.1,18.6,11.5,21.0,2.9,1.2,8.4,33.5,6.5,2.7,9.2,0.212,7.4,0.6,8.0,5.3
66,Evan Mobley,67,24,CLE,PF,65,63,2074,10.9,19.9,0.546,1.4,4.8,0.297,9.4,15.1,0.626,0.582,4.2,6.9,0.606,3.6,10.0,13.6,5.4,1.1,2.6,2.8,3.7,27.3,9.6,0.406,0.254,0.073,0.023,0.243,0.654,0.887,0.139,20.0,0.596,0.243,0.346,8.3,22.7,15.5,16.8,1.1,5.2,11.0,22.6,3.6,2.9,6.5,0.15,1.8,1.2,3.0,2.6
67,Andrew Wiggins,68,30,MIA,SF,68,68,2063,8.8,18.5,0.475,3.1,7.5,0.414,5.7,11.0,0.516,0.559,2.9,3.6,0.784,2.6,4.8,7.4,4.1,1.7,1.6,2.3,3.5,23.5,14.3,0.224,0.206,0.102,0.062,0.406,0.46,0.942,0.249,15.1,0.586,0.406,0.197,5.7,10.8,8.3,12.3,1.7,3.0,10.3,19.7,2.2,2.3,4.6,0.106,0.7,0.5,1.2,1.7
68,Jake LaRavia,69,24,LAL,PF,82,43,2061,5.7,12.4,0.459,1.8,5.8,0.321,3.8,6.6,0.579,0.533,2.7,3.6,0.763,2.7,5.0,7.7,3.4,2.5,0.9,2.1,4.6,16.0,13.9,0.247,0.235,0.046,0.008,0.465,0.716,0.987,0.486,11.9,0.571,0.465,0.291,6.8,11.5,9.3,9.3,2.5,1.7,12.9,14.4,1.7,2.1,3.8,0.089,-1.6,0.5,-1.2,0.4
69,Pascal Siakam,70,31,IND,PF,62,62,2057,12.9,26.7,0.484,2.4,6.8,0.358,10.5,19.9,0.527,0.529,6.1,8.7,0.693,2.1,7.4,9.5,5.5,1.6,0.6,3.2,3.4,34.3,12.2,0.213,0.277,0.183,0.074,0.254,0.482,0.857,0.157,18.6,0.562,0.254,0.327,4.6,17.4,10.9,19.9,1.6,1.0,9.5,30.1,1.1,1.5,2.6,0.062,1.8,-1.0,0.7,1.4
70,Cason Wallace,71,22,OKC,SG,77,58,2046,6.0,13.8,0.432,2.4,6.8,0.351,3.6,7.0,0.51,0.518,1.3,1.6,0.809,1.5,4.1,5.6,4.7,3.5,0.7,1.7,3.6,15.6,14.5,0.274,0.175,0.039,0.019,0.493,0.503,0.95,0.33,12.1,0.538,0.493,0.116,3.5,8.9,6.3,12.7,3.5,1.3,10.6,14.5,1.0,4.2,5.2,0.122,-2.1,3.3,1.2,1.7
71,Devin Vassell,72,25,SAS,SG,67,65,2044,7.8,17.7,0.437,3.9,10.2,0.384,3.9,7.6,0.508,0.547,2.5,3.1,0.815,0.9,5.4,6.3,3.9,1.3,0.6,1.4,2.5,21.9,19.1,0.089,0.061,0.18,0.098,0.572,0.671,0.964,0.299,13.0,0.574,0.572,0.172,2.1,11.8,7.1,11.0,1.3,1.1,6.9,18.0,2.3,2.6,4.9,0.115,0.1,0.3,0.5,1.3
72,Stephon Castle,73,21,SAS,PG,68,67,2038,9.1,19.3,0.471,1.9,5.7,0.332,7.2,13.5,0.531,0.521,6.6,9.0,0.734,2.3,6.2,8.5,11.8,1.8,0.4,5.1,5.2,26.7,11.5,0.31,0.262,0.109,0.021,0.299,0.362,0.975,0.23,17.4,0.575,0.299,0.47,5.3,13.5,9.5,34.5,1.8,0.8,18.0,24.9,2.8,2.9,5.8,0.136,1.0,0.9,1.9,2.0
73,Derik Queen,74,21,NOP,C,81,48,2023,8.4,17.7,0.473,0.5,2.1,0.261,7.8,15.6,0.502,0.489,5.1,6.5,0.795,3.2,10.3,13.5,7.0,2.0,1.7,4.5,5.1,22.4,7.9,0.405,0.302,0.096,0.079,0.118,0.405,0.913,0.341,15.9,0.546,0.118,0.365,7.2,23.5,15.2,21.1,2.0,3.5,18.0,21.8,0.4,2.3,2.7,0.063,-1.5,0.7,-0.8,0.6
74,LaMelo Ball,75,24,CHO,PG,72,69,2017,12.4,30.6,0.407,6.7,18.2,0.368,5.8,12.4,0.464,0.516,4.0,4.4,0.899,1.6,6.9,8.5,12.6,2.1,0.4,5.0,4.8,35.5,18.9,0.112,0.185,0.087,0.022,0.595,0.252,0.621,0.122,19.7,0.546,0.595,0.144,3.7,15.5,9.7,42.6,2.1,0.8,13.2,32.0,3.6,2.6,6.2,0.147,4.8,-0.1,4.7,3.4
75,Naz Reid,76,26,MIN,C,77,3,2007,9.4,20.7,0.456,3.9,10.7,0.362,5.6,10.1,0.556,0.549,2.1,2.9,0.732,2.1,9.2,11.3,4.0,1.8,1.9,3.0,4.6,24.9,15.8,0.147,0.258,0.077,0.003,0.514,0.579,0.938,0.324,15.4,0.565,0.514,0.141,5.0,20.8,13.1,12.4,1.8,3.4,12.0,22.1,0.9,3.2,4.0,0.097,-0.1,1.0,0.9,1.5
76,Davion Mitchell,77,27,MIA,PG,70,70,2000,6.1,12.4,0.49,2.1,5.3,0.395,4.0,7.1,0.561,0.574,1.0,1.5,0.646,0.7,3.6,4.3,10.5,1.6,0.3,2.5,4.2,15.2,14.3,0.205,0.268,0.062,0.038,0.428,0.339,0.867,0.105,12.1,0.582,0.428,0.122,1.6,8.0,4.8,29.1,1.6,0.5,16.1,13.6,2.6,1.7,4.3,0.104,-1.3,0.4,-0.9,0.6
77,Bruce Brown,78,29,DEN,SG,82,4,1998,6.1,12.7,0.475,1.4,3.6,0.385,4.7,9.1,0.511,0.53,2.3,3.1,0.762,2.1,5.7,7.8,4.2,2.1,0.5,2.2,4.8,15.9,10.7,0.318,0.289,0.094,0.015,0.284,0.56,0.93,0.527,10.8,0.562,0.284,0.241,5.0,12.5,8.9,11.3,2.1,0.9,13.6,14.5,1.2,1.8,2.9,0.071,-2.5,0.1,-2.4,-0.2
78,Chet Holmgren,79,23,OKC,PF,69,69,1997,10.5,18.9,0.557,2.1,5.9,0.362,8.4,13.0,0.646,0.614,5.4,6.9,0.792,3.1,11.7,14.9,2.8,1.0,3.2,2.6,3.8,28.6,11.6,0.344,0.208,0.095,0.041,0.312,0.63,0.966,0.198,21.6,0.653,0.312,0.365,7.4,25.3,16.7,8.6,1.0,6.4,10.6,21.9,4.4,4.7,9.1,0.219,2.4,1.9,4.2,3.1
79,Josh Hart,80,30,NYK,SF,66,52,1994,7.5,14.7,0.508,2.5,6.0,0.413,5.0,8.7,0.574,0.593,2.2,3.1,0.72,2.3,9.8,12.1,7.9,1.9,0.4,3.2,4.1,19.7,13.7,0.294,0.157,0.095,0.046,0.409,0.697,0.81,0.298,15.7,0.612,0.409,0.211,5.2,22.1,13.6,21.6,1.9,0.9,16.5,16.7,3.1,3.0,6.1,0.147,1.0,2.0,3.0,2.5
80,LeBron James,81,41,LAL,SF,60,60,1989,11.6,22.6,0.515,1.9,6.0,0.317,9.7,16.6,0.586,0.557,5.7,7.8,0.737,1.1,7.9,8.9,10.6,1.8,0.9,4.4,2.0,30.8,11.9,0.292,0.235,0.123,0.086,0.264,0.518,0.649,0.193,20.8,0.594,0.264,0.344,2.6,18.3,10.7,34.1,1.8,1.6,14.5,27.2,3.4,2.1,5.4,0.131,3.3,0.2,3.5,2.8
81,Ace Bailey,82,19,UTA,SF,72,61,1988,9.3,21.1,0.443,3.2,9.4,0.344,6.1,11.7,0.522,0.52,1.6,2.1,0.75,2.5,4.7,7.1,3.1,1.4,1.2,2.5,4.6,23.4,16.4,0.146,0.161,0.103,0.143,0.446,0.69,0.898,0.261,11.6,0.533,0.446,0.099,5.5,11.0,8.2,9.7,1.4,2.4,10.3,21.4,-0.4,0.3,-0.1,-0.001,-1.9,-2.5,-4.4,-1.2
82,Harrison Barnes,83,33,SAS,PF,77,52,1986,6.3,13.9,0.456,3.4,8.7,0.388,3.0,5.2,0.567,0.577,2.5,3.0,0.829,1.5,3.7,5.2,3.6,1.2,0.3,1.5,2.1,18.5,17.2,0.158,0.157,0.054,0.009,0.623,0.634,0.978,0.522,11.8,0.608,0.623,0.214,3.5,7.9,5.8,9.7,1.2,0.5,8.8,14.6,2.7,2.1,4.8,0.117,-0.2,0.1,-0.1,1.0
83,Jalen Duren,84,22,DET,C,70,70,1976,12.8,19.7,0.65,0.0,0.0,0.0,12.8,19.7,0.65,0.65,7.9,10.5,0.747,6.5,11.6,18.0,3.4,1.4,1.4,3.2,4.8,33.4,3.7,0.522,0.426,0.031,0.021,0.0,0.648,0.0,0.0,26.1,0.688,0.0,0.535,15.3,26.4,20.9,11.0,1.4,3.0,11.6,23.6,7.2,3.8,11.0,0.266,4.4,0.5,5.0,3.5
84,Brandon Miller,85,23,CHO,SF,65,65,1968,11.4,26.3,0.435,5.1,13.4,0.383,6.3,12.9,0.489,0.533,5.0,5.6,0.892,1.8,6.3,8.0,5.5,1.7,1.1,4.1,4.5,33.0,17.3,0.122,0.199,0.124,0.045,0.511,0.476,0.814,0.126,16.8,0.574,0.511,0.214,4.1,14.0,9.2,17.8,1.7,2.1,12.5,28.1,2.1,2.4,4.5,0.109,1.7,-0.1,1.6,1.8
85,Maxime Raynaud,86,22,SAC,C,74,56,1964,9.4,16.5,0.571,0.6,1.8,0.324,8.8,14.7,0.601,0.589,3.3,4.1,0.786,3.5,10.2,13.7,2.5,0.9,1.0,2.3,4.2,22.7,8.3,0.198,0.534,0.145,0.013,0.11,0.816,0.958,0.324,16.0,0.619,0.11,0.25,7.9,24.3,15.8,7.6,0.9,1.8,11.2,18.2,2.6,1.0,3.6,0.088,-0.9,-1.6,-2.4,-0.2
86,Deandre Ayton,87,27,LAL,C,72,72,1958,10.0,15.0,0.671,0.0,0.0,0.0,10.0,15.0,0.671,0.671,2.3,3.5,0.645,4.6,9.7,14.3,1.5,1.0,1.7,2.1,3.9,22.4,5.3,0.421,0.406,0.146,0.027,0.0,0.801,0.0,0.0,18.2,0.676,0.0,0.235,11.5,22.6,17.2,4.5,1.0,3.3,11.1,16.7,4.0,2.2,6.2,0.152,0.0,-0.9,-0.9,0.6
87,Jarace Walker,88,22,IND,PF,76,41,1953,7.5,17.8,0.419,3.2,8.7,0.374,4.2,9.2,0.462,0.51,3.3,4.5,0.749,1.2,8.3,9.5,4.7,1.5,0.6,3.4,3.0,21.5,16.1,0.166,0.207,0.086,0.055,0.486,0.644,0.932,0.149,11.5,0.543,0.486,0.25,2.7,19.5,10.9,14.3,1.5,1.1,14.6,20.7,-1.0,1.5,0.5,0.013,-1.8,-0.7,-2.4,-0.2
88,Sam Hauser,89,28,BOS,PF,78,49,1934,6.6,15.7,0.419,5.2,13.2,0.393,1.4,2.5,0.557,0.584,0.4,0.5,0.85,1.5,6.4,7.9,3.0,1.0,0.6,0.9,3.0,18.8,23.5,0.04,0.03,0.06,0.032,0.839,0.778,0.97,0.177,11.9,0.59,0.839,0.033,3.3,13.6,8.5,7.9,1.0,1.2,5.4,14.5,2.9,2.1,5.0,0.124,0.6,0.0,0.6,1.3
89,Rui Hachimura,90,27,LAL,PF,68,41,1927,7.8,15.1,0.514,2.9,6.6,0.443,4.8,8.5,0.57,0.611,1.3,1.8,0.694,1.0,4.7,5.7,1.4,1.0,0.5,1.1,2.8,19.8,16.5,0.159,0.106,0.161,0.136,0.439,0.796,0.983,0.405,11.6,0.62,0.439,0.121,2.6,10.9,6.9,4.1,1.0,1.0,6.3,15.2,2.1,1.1,3.2,0.08,-0.8,-1.5,-2.2,-0.1
90,Neemias Queta,91,26,BOS,C,76,75,1926,8.6,13.1,0.653,0.0,0.2,0.125,8.5,12.9,0.662,0.654,3.2,4.6,0.703,6.0,10.7,16.7,3.3,1.6,2.6,2.0,5.7,20.4,3.9,0.545,0.389,0.044,0.006,0.016,0.735,1.0,0.125,20.3,0.674,0.016,0.351,13.4,22.7,18.1,9.3,1.6,5.2,11.5,14.7,5.4,3.6,9.0,0.224,0.9,2.0,2.8,2.4
91,Nic Claxton,92,26,BRK,C,69,68,1920,8.6,15.0,0.571,0.1,0.5,0.158,8.5,14.5,0.585,0.574,3.6,5.9,0.616,4.3,8.0,12.3,6.5,1.2,2.0,2.5,4.1,20.9,4.6,0.497,0.395,0.058,0.017,0.033,0.621,1.0,0.053,17.6,0.592,0.033,0.393,9.6,19.9,14.5,21.8,1.2,3.7,12.3,17.7,3.3,1.5,4.8,0.121,0.3,0.6,0.9,1.4
92,Myles Turner,93,29,MIL,C,71,71,1912,7.3,16.6,0.44,3.8,9.9,0.383,3.5,6.7,0.523,0.553,3.4,4.6,0.74,1.9,7.8,9.7,2.6,1.3,3.0,2.1,4.8,21.8,18.2,0.152,0.135,0.073,0.046,0.594,0.737,1.0,0.188,14.2,0.584,0.594,0.274,4.5,17.8,11.2,7.7,1.3,6.0,10.3,18.6,1.2,1.8,3.0,0.076,-0.9,0.0,-0.9,0.5
93,Keldon Johnson,94,26,SAS,SF,82,0,1911,10.4,20.0,0.519,2.5,6.9,0.363,7.9,13.2,0.601,0.582,3.9,4.9,0.794,3.4,7.6,11.1,2.8,1.2,0.3,1.8,4.1,27.2,10.8,0.344,0.3,0.009,0.005,0.343,0.562,0.909,0.502,17.3,0.613,0.343,0.243,7.9,16.6,12.4,8.5,1.2,0.5,7.4,21.0,3.9,2.6,6.4,0.161,1.2,-0.3,0.9,1.4
94,Anthony Black,95,22,ORL,PG,64,40,1910,8.7,19.4,0.447,2.5,7.5,0.333,6.2,11.9,0.519,0.512,4.2,5.8,0.732,1.2,5.0,6.1,5.9,2.3,1.1,3.3,4.3,24.1,13.3,0.258,0.237,0.071,0.045,0.389,0.596,0.82,0.28,13.7,0.549,0.389,0.299,2.7,11.6,7.1,18.5,2.3,2.1,13.1,22.2,0.3,2.4,2.6,0.067,-1.2,0.7,-0.6,0.7
95,Tristan Da Silva,96,24,ORL,SF,77,34,1899,7.1,15.7,0.45,3.0,8.1,0.374,4.0,7.6,0.532,0.547,2.1,2.4,0.884,1.5,5.7,7.2,3.1,1.7,0.6,1.7,3.0,19.3,15.9,0.16,0.227,0.071,0.024,0.518,0.654,0.95,0.374,12.0,0.576,0.518,0.153,3.4,13.4,8.3,9.3,1.7,1.2,9.4,16.2,1.3,2.1,3.3,0.084,-0.7,0.1,-0.6,0.7
96,Moussa Diabaté,97,24,CHO,C,73,47,1899,6.0,9.5,0.631,0.0,0.1,0.5,6.0,9.4,0.632,0.632,3.0,4.6,0.659,7.1,9.5,16.6,3.7,1.5,1.9,1.9,4.6,15.0,3.1,0.636,0.314,0.036,0.008,0.006,0.627,1.0,0.5,17.2,0.653,0.006,0.485,16.5,21.1,18.9,10.2,1.5,3.5,14.2,11.4,4.7,2.8,7.4,0.188,0.4,1.2,1.7,1.8
97,Ausar Thompson,98,23,DET,SF,73,72,1896,7.7,14.7,0.525,0.2,0.6,0.25,7.6,14.1,0.537,0.53,2.8,4.9,0.571,3.8,6.8,10.7,5.8,3.7,1.8,2.8,5.1,18.4,5.5,0.426,0.414,0.097,0.021,0.042,0.626,0.833,0.5,16.2,0.545,0.042,0.331,9.0,15.6,12.4,16.3,3.7,3.6,14.3,16.9,1.5,4.1,5.7,0.144,-0.6,3.6,3.1,2.4
98,Nique Clifford,99,23,SAC,SG,75,28,1882,6.4,15.3,0.418,2.0,5.9,0.333,4.4,9.4,0.471,0.482,1.8,2.5,0.722,1.7,5.6,7.2,4.6,1.7,0.6,3.0,4.0,16.6,14.9,0.141,0.262,0.133,0.077,0.388,0.564,0.909,0.281,9.0,0.505,0.388,0.163,3.8,13.3,8.4,13.0,1.7,1.2,15.4,17.0,-1.2,0.6,-0.6,-0.014,-3.7,-1.2,-4.9,-1.4
99,Ayo Dosunmu,100,26,2TM,SG,69,19,1881,9.7,18.7,0.517,3.1,7.0,0.439,6.6,11.7,0.563,0.599,3.2,3.6,0.876,1.2,4.8,5.9,6.2,1.5,0.5,2.4,3.3,25.6,12.1,0.367,0.194,0.048,0.016,0.375,0.517,0.919,0.282,16.5,0.63,0.375,0.194,2.7,10.7,6.8,19.6,1.5,0.8,10.6,20.2,3.5,1.3,4.9,0.124,1.3,-0.3,1.0,1.4
100,John Collins,101,28,LAC,PF,69,56,1872,9.7,17.5,0.552,2.4,5.8,0.406,7.3,11.7,0.625,0.62,3.1,4.1,0.766,2.9,6.8,9.8,1.9,1.6,1.4,2.5,5.0,24.8,11.6,0.281,0.275,0.077,0.035,0.332,0.716,1.0,0.594,16.3,0.643,0.332,0.234,7.0,15.6,11.4,5.8,1.6,2.6,11.6,19.5,2.7,1.8,4.6,0.117,0.0,-0.5,-0.5,0.7
101,Draymond Green,102,35,GSW,PF,68,68,1869,5.3,12.7,0.418,2.6,8.0,0.326,2.7,4.7,0.575,0.52,1.5,2.2,0.702,1.4,8.3,9.7,9.8,1.6,1.1,4.7,5.1,14.8,17.5,0.208,0.112,0.039,0.01,0.631,0.837,0.99,0.339,10.4,0.54,0.631,0.171,3.2,19.5,11.2,27.3,1.6,2.1,25.5,16.1,-0.4,2.1,1.7,0.044,-2.4,1.0,-1.4,0.3
102,Victor Wembanyama,103,22,SAS,C,64,55,1866,14.2,27.8,0.512,3.1,9.0,0.349,11.1,18.8,0.59,0.569,9.6,11.6,0.827,3.3,15.6,18.9,5.1,1.7,5.1,4.0,4.0,41.2,12.8,0.328,0.148,0.119,0.081,0.324,0.647,0.893,0.077,29.9,0.626,0.324,0.417,7.7,33.9,21.2,17.6,1.7,9.4,10.8,32.4,5.0,5.0,10.0,0.257,6.5,4.2,10.7,6.0
103,Russell Westbrook,104,37,SAC,SF,64,58,1853,9.3,21.9,0.427,3.3,9.9,0.338,6.0,12.0,0.5,0.503,3.3,4.8,0.694,2.1,7.0,9.1,11.1,2.2,0.3,5.5,3.8,25.3,15.6,0.136,0.244,0.099,0.069,0.452,0.226,0.828,0.269,15.1,0.528,0.452,0.218,4.7,16.6,10.5,34.3,2.2,0.6,18.5,25.9,-0.6,0.9,0.4,0.009,0.6,-1.0,-0.4,0.7
104,Jamal Shead,105,23,TOR,PG,82,12,1852,4.9,13.3,0.367,2.2,6.9,0.321,2.7,6.4,0.417,0.45,2.4,3.1,0.784,0.7,3.1,3.8,11.7,2.0,0.4,2.9,4.3,14.4,16.6,0.163,0.198,0.097,0.022,0.52,0.297,0.881,0.195,10.5,0.491,0.52,0.23,1.6,7.2,4.4,30.6,2.0,0.8,16.8,15.5,0.8,2.0,2.7,0.07,-2.3,0.0,-2.3,-0.1
105,Pelle Larsson,106,24,MIA,SG,70,54,1849,7.0,14.0,0.496,1.6,4.8,0.323,5.4,9.2,0.586,0.551,4.6,5.8,0.797,1.7,4.4,6.1,5.9,1.2,0.4,2.5,3.7,20.1,11.5,0.317,0.297,0.038,0.005,0.343,0.647,0.968,0.26,13.1,0.605,0.343,0.413,3.8,9.9,6.8,16.8,1.2,0.8,13.3,16.8,2.6,1.5,4.1,0.106,-1.2,0.0,-1.2,0.4
106,Luguentz Dort,107,26,OKC,SF,69,69,1849,5.3,13.7,0.385,3.3,9.7,0.344,1.9,4.0,0.487,0.508,1.2,1.5,0.759,1.5,4.9,6.4,2.2,1.6,0.7,1.4,4.7,15.1,20.5,0.115,0.055,0.078,0.042,0.71,0.716,0.984,0.196,8.3,0.524,0.71,0.111,3.4,10.7,7.2,5.9,1.6,1.4,8.9,14.1,0.0,3.0,3.0,0.078,-2.8,0.8,-2.0,0.0
107,Sion James,108,23,CHO,SG,82,19,1843,3.7,10.0,0.371,2.2,6.3,0.352,1.5,3.7,0.404,0.483,2.2,2.6,0.837,1.3,6.4,7.7,4.4,1.4,0.5,1.7,4.0,11.9,17.3,0.199,0.14,0.022,0.005,0.634,0.527,0.952,0.369,8.3,0.531,0.634,0.263,3.1,14.3,8.8,11.4,1.4,1.0,13.5,11.0,1.1,1.9,3.1,0.08,-3.0,1.1,-2.0,0.0
108,Zion Williamson,109,25,NOP,PF,62,55,1841,12.6,21.0,0.6,0.0,0.1,0.25,12.6,20.9,0.601,0.6,8.7,12.1,0.716,3.2,5.9,9.2,5.2,1.6,0.9,3.3,3.7,33.8,3.6,0.575,0.378,0.038,0.004,0.005,0.524,1.0,0.0,22.6,0.644,0.005,0.576,7.2,13.5,10.3,17.7,1.6,1.7,11.1,25.7,5.0,1.0,6.1,0.159,3.5,-0.6,2.9,2.3
109,Jaylen Wells,110,22,MEM,SG,69,69,1821,7.8,18.2,0.431,3.4,9.5,0.353,4.5,8.7,0.517,0.524,3.5,4.4,0.784,1.6,4.1,5.7,2.9,1.6,0.2,1.9,3.9,22.5,17.0,0.152,0.142,0.096,0.087,0.523,0.64,0.961,0.332,11.5,0.559,0.523,0.245,3.6,9.6,6.5,8.8,1.6,0.5,8.7,19.3,0.9,0.7,1.6,0.042,-1.8,-1.4,-3.1,-0.5
110,Nikola Vučević,111,35,2TM,C,64,49,1818,10.3,20.9,0.493,2.6,7.1,0.369,7.7,13.8,0.557,0.556,2.0,2.4,0.828,3.3,10.8,14.0,5.6,1.0,1.1,2.2,3.3,25.2,13.3,0.199,0.324,0.103,0.035,0.339,0.765,0.98,0.1,17.7,0.574,0.339,0.116,7.5,23.9,15.8,17.7,1.0,2.0,9.2,21.4,2.5,1.9,4.4,0.116,1.4,0.1,1.5,1.6
111,Oso Ighodaro,112,23,PHO,PF,82,24,1808,6.5,10.0,0.653,0.0,0.0,0.0,6.5,10.0,0.655,0.653,1.4,3.2,0.453,3.8,7.7,11.4,5.1,2.0,1.6,2.8,6.0,14.5,4.1,0.522,0.38,0.096,0.0,0.003,0.757,0.0,0.0,13.8,0.636,0.003,0.32,8.2,17.8,12.8,14.2,2.0,3.0,19.5,12.2,2.1,2.6,4.7,0.125,-2.2,2.3,0.1,0.9
112,Kyle Kuzma,113,30,MIL,PF,69,43,1806,9.2,18.8,0.492,2.3,6.5,0.347,7.0,12.3,0.569,0.552,3.7,5.1,0.726,1.6,7.0,8.5,5.0,1.3,0.8,3.2,3.6,24.4,12.1,0.3,0.257,0.071,0.025,0.347,0.637,0.94,0.351,14.1,0.581,0.347,0.27,3.6,15.9,9.8,15.5,1.3,1.5,13.4,21.8,0.9,1.0,1.9,0.051,-1.0,-1.3,-2.3,-0.1
113,Kyle Filipowski,114,22,UTA,C,77,41,1801,8.4,17.1,0.492,1.9,5.9,0.325,6.5,11.2,0.58,0.548,4.1,5.5,0.75,3.8,10.6,14.4,5.2,1.9,1.0,3.3,6.0,22.9,11.5,0.259,0.339,0.047,0.008,0.347,0.647,0.959,0.421,16.0,0.586,0.347,0.323,8.4,25.1,16.6,15.7,1.9,2.1,14.3,20.0,1.8,1.3,3.1,0.082,-0.6,-0.5,-1.1,0.4
114,Andrew Nembhard,115,26,IND,PG,57,57,1786,8.9,20.0,0.442,2.8,7.9,0.361,6.0,12.2,0.495,0.513,5.1,6.2,0.825,0.7,3.6,4.3,11.6,1.4,0.2,3.6,3.4,25.7,16.6,0.141,0.163,0.159,0.143,0.393,0.354,0.664,0.078,15.7,0.564,0.393,0.311,1.5,8.4,4.9,37.0,1.4,0.4,13.8,23.6,2.2,0.7,2.8,0.077,1.1,-1.9,-0.8,0.6
115,Keyonte George,116,22,UTA,PG,54,54,1786,10.6,23.1,0.456,3.5,9.5,0.371,7.0,13.7,0.515,0.532,8.9,9.9,0.892,0.6,4.6,5.2,8.7,1.5,0.4,4.4,3.2,33.5,15.6,0.101,0.276,0.117,0.096,0.41,0.515,0.724,0.122,18.5,0.609,0.41,0.429,1.4,10.9,6.0,28.4,1.5,0.8,13.7,27.9,3.1,0.1,3.3,0.088,3.0,-2.1,0.9,1.3
116,Noah Clowney,117,21,BRK,PF,66,60,1780,6.9,17.5,0.396,3.6,10.9,0.329,3.4,6.6,0.506,0.498,5.0,6.2,0.804,1.4,6.1,7.6,3.0,1.4,1.3,2.8,4.7,22.5,17.7,0.124,0.201,0.041,0.013,0.621,0.612,0.992,0.283,11.2,0.554,0.621,0.355,3.2,15.3,8.9,9.5,1.4,2.3,12.3,20.4,-0.1,1.2,1.1,0.029,-2.3,-1.1,-3.4,-0.6
117,Jaylon Tyson,118,23,CLE,SG,66,42,1777,8.9,18.1,0.493,3.6,8.1,0.446,5.3,10.1,0.53,0.592,2.1,2.9,0.738,3.2,5.9,9.1,4.0,1.5,0.8,2.7,4.4,23.6,13.5,0.279,0.216,0.051,0.009,0.445,0.716,0.977,0.372,14.8,0.608,0.445,0.16,7.3,13.6,10.5,11.6,1.5,1.5,12.1,19.3,2.3,1.7,4.0,0.108,0.6,-0.5,0.1,0.9
118,Marcus Smart,119,31,LAL,SG,62,54,1769,5.2,13.1,0.395,2.7,8.1,0.331,2.5,5.1,0.497,0.497,2.9,3.6,0.822,1.0,3.8,4.7,5.1,2.4,0.6,2.5,4.5,16.0,18.4,0.109,0.162,0.084,0.029,0.616,0.505,0.918,0.294,9.9,0.543,0.616,0.271,2.5,8.7,5.7,13.6,2.4,1.2,14.7,15.4,0.4,1.6,2.0,0.054,-2.9,0.6,-2.2,-0.1
119,Brice Sensabaugh,120,22,UTA,SF,75,22,1762,10.5,22.8,0.46,4.3,11.8,0.367,6.2,11.1,0.559,0.554,4.4,5.4,0.826,1.5,4.7,6.2,3.8,1.4,0.3,3.3,3.8,29.7,17.0,0.111,0.196,0.137,0.041,0.516,0.634,0.87,0.233,14.4,0.59,0.516,0.235,3.4,11.0,7.1,12.4,1.4,0.7,11.6,24.9,1.0,0.1,1.1,0.029,0.4,-3.0,-2.6,-0.3
120,Austin Reaves,121,27,LAL,SG,51,45,1762,10.3,21.1,0.49,3.3,9.1,0.36,7.1,12.0,0.588,0.567,9.0,10.3,0.871,0.9,5.7,6.7,7.8,1.6,0.6,4.2,3.0,32.9,15.1,0.15,0.277,0.122,0.021,0.43,0.318,0.703,0.125,20.2,0.641,0.43,0.487,2.3,13.3,8.0,24.0,1.6,1.1,14.0,26.7,4.2,1.4,5.6,0.153,3.4,-0.6,2.8,2.1
121,Tre Jones,122,26,CHI,PG,65,41,1752,9.1,16.5,0.553,1.1,3.5,0.315,8.0,13.0,0.616,0.586,5.1,6.1,0.841,1.0,4.4,5.5,9.4,2.0,0.3,2.5,2.5,24.4,8.4,0.48,0.237,0.06,0.013,0.211,0.49,0.829,0.346,18.7,0.637,0.211,0.368,2.3,9.9,6.2,29.2,2.0,0.5,11.4,19.2,4.6,1.1,5.7,0.157,1.2,0.1,1.3,1.5
122,Sandro Mamukelashvili,123,26,TOR,C,80,13,1751,9.2,17.6,0.523,3.2,8.2,0.389,6.0,9.3,0.642,0.614,3.3,4.4,0.747,3.0,8.0,11.0,4.2,1.8,1.1,1.9,4.1,24.9,13.7,0.339,0.162,0.029,0.002,0.469,0.758,1.0,0.216,18.1,0.637,0.469,0.25,6.9,18.8,12.8,12.4,1.8,2.3,8.7,18.8,3.6,2.5,6.2,0.169,2.1,0.7,2.8,2.1
123,Tobias Harris,124,33,DET,PF,63,63,1746,8.6,18.3,0.469,2.3,6.2,0.368,6.3,12.1,0.521,0.531,3.8,4.3,0.866,1.5,7.4,8.9,4.3,1.6,0.7,1.7,3.0,23.2,13.4,0.158,0.284,0.175,0.046,0.338,0.52,0.939,0.444,15.0,0.574,0.338,0.238,3.6,16.9,10.4,12.5,1.6,1.5,8.0,18.8,2.6,2.7,5.3,0.145,0.6,0.8,1.4,1.5
124,Precious Achiuwa,125,26,SAC,C,73,57,1745,8.8,16.6,0.528,0.7,2.7,0.278,8.0,13.9,0.577,0.551,2.1,3.9,0.554,4.9,8.7,13.6,2.8,1.8,1.4,1.8,3.4,20.4,7.8,0.371,0.395,0.064,0.007,0.162,0.543,1.0,0.412,16.2,0.558,0.162,0.232,11.0,20.8,15.8,8.5,1.8,2.6,9.0,17.6,1.8,1.2,2.9,0.081,-0.5,-1.1,-1.6,0.2
125,P.J. Washington,126,27,DAL,PF,56,53,1736,8.0,17.9,0.45,2.1,6.4,0.325,6.0,11.5,0.519,0.508,3.4,4.9,0.687,2.3,8.4,10.7,2.7,1.5,1.6,2.6,3.2,21.5,12.1,0.243,0.324,0.059,0.018,0.356,0.586,0.961,0.415,13.1,0.537,0.356,0.277,5.2,18.7,12.0,8.1,1.5,2.9,11.3,20.1,-0.3,2.0,1.7,0.046,-1.7,0.1,-1.6,0.2
126,Josh Giddey,127,23,CHI,PG,54,51,1731,8.7,19.4,0.448,2.8,7.7,0.364,5.9,11.7,0.502,0.52,4.7,6.2,0.763,1.8,10.3,12.1,13.4,1.5,0.7,5.3,2.4,24.9,13.4,0.261,0.262,0.054,0.028,0.395,0.326,0.806,0.131,18.0,0.562,0.395,0.318,4.2,23.1,13.7,41.1,1.5,1.4,19.3,24.4,1.6,1.7,3.2,0.09,2.3,0.4,2.7,2.0
127,RJ Barrett,128,25,TOR,SF,57,57,1726,11.3,23.1,0.491,2.7,8.0,0.339,8.6,15.1,0.572,0.55,5.7,7.9,0.717,1.6,6.9,8.5,5.3,1.2,0.5,2.8,4.2,31.0,11.8,0.304,0.272,0.071,0.006,0.347,0.6,0.948,0.251,17.0,0.585,0.347,0.342,3.6,16.3,9.9,16.8,1.2,1.1,9.5,25.8,2.0,2.0,4.0,0.111,1.0,-0.7,0.2,1.0
128,Jay Huff,129,27,IND,C,82,47,1719,8.0,16.9,0.476,3.3,10.3,0.319,4.8,6.6,0.723,0.574,2.3,2.7,0.828,2.0,6.9,9.0,3.3,1.1,4.2,2.1,5.4,21.6,17.4,0.25,0.123,0.008,0.008,0.61,0.808,0.992,0.126,15.2,0.598,0.61,0.162,4.5,16.2,10.3,10.4,1.1,7.6,10.4,18.0,1.3,1.9,3.2,0.089,-0.9,1.3,0.4,1.1
129,Norman Powell,130,32,MIA,SG,58,52,1717,11.4,24.2,0.47,4.2,11.1,0.38,7.2,13.1,0.546,0.558,7.1,8.6,0.827,0.6,4.9,5.5,3.9,1.7,0.4,3.0,3.4,34.1,15.4,0.2,0.207,0.087,0.048,0.458,0.581,0.859,0.149,17.5,0.609,0.458,0.355,1.3,11.0,6.1,12.5,1.7,0.7,9.7,27.2,2.3,1.7,4.0,0.112,1.8,-0.3,1.6,1.5
130,Cam Spencer,131,25,MEM,SG,72,20,1714,7.3,15.4,0.473,4.0,9.0,0.449,3.2,6.4,0.506,0.604,3.5,3.7,0.94,1.1,4.0,5.1,11.1,1.4,0.3,2.6,2.8,22.1,19.6,0.067,0.108,0.142,0.099,0.585,0.436,0.76,0.098,17.2,0.649,0.585,0.241,2.5,9.2,5.8,33.1,1.4,0.6,13.1,17.2,4.7,0.6,5.3,0.149,3.0,-0.8,2.2,1.8
131,Kel'el Ware,132,21,MIA,C,77,34,1704,9.4,17.7,0.53,2.5,6.3,0.395,6.9,11.3,0.606,0.601,1.9,2.6,0.74,5.9,13.0,18.9,1.5,1.6,2.3,1.7,3.2,23.2,10.9,0.441,0.171,0.017,0.012,0.359,0.675,1.0,0.279,20.0,0.616,0.359,0.148,13.1,29.2,21.1,4.6,1.6,4.4,8.2,18.0,3.2,3.0,6.2,0.175,2.1,0.1,2.1,1.8
132,Dillon Brooks,133,30,PHO,SF,56,56,1702,12.1,27.8,0.435,3.7,10.7,0.344,8.4,17.1,0.492,0.501,4.9,5.9,0.842,1.2,4.6,5.9,2.9,1.7,0.3,2.8,5.3,32.8,16.4,0.093,0.182,0.234,0.106,0.385,0.283,0.78,0.146,14.1,0.54,0.385,0.211,2.7,10.8,6.6,9.6,1.7,0.5,8.6,28.6,0.4,1.6,2.1,0.058,-1.0,-1.3,-2.3,-0.1
133,Dennis Schröder,134,32,2TM,PG,70,17,1697,7.3,17.9,0.405,2.1,6.5,0.329,5.1,11.4,0.449,0.465,4.9,5.8,0.834,0.9,4.5,5.4,9.7,1.6,0.3,3.5,3.1,21.5,14.1,0.151,0.245,0.159,0.083,0.362,0.256,0.76,0.158,12.9,0.526,0.362,0.326,2.1,10.5,6.2,27.7,1.6,0.6,14.7,21.0,0.8,0.7,1.5,0.043,-0.9,-1.3,-2.2,-0.1
134,Isaac Okoro,135,25,CHI,SG,63,62,1695,5.8,12.7,0.46,2.0,6.1,0.33,3.8,6.6,0.58,0.539,2.5,3.1,0.795,1.9,2.9,4.8,2.8,1.3,0.8,1.3,4.5,16.1,12.9,0.401,0.115,0.002,0.0,0.481,0.696,0.918,0.557,9.8,0.574,0.481,0.244,4.4,6.4,5.4,7.8,1.3,1.5,8.3,13.6,1.4,0.7,2.2,0.061,-3.0,-0.8,-3.8,-0.8
135,Jerami Grant,136,31,POR,PF,57,38,1695,9.3,20.6,0.453,3.8,9.9,0.389,5.5,10.7,0.513,0.547,7.4,9.1,0.814,1.5,4.0,5.6,3.4,1.2,1.0,3.4,4.0,29.9,14.7,0.234,0.2,0.06,0.026,0.479,0.462,0.993,0.386,15.4,0.608,0.479,0.441,3.5,9.3,6.3,11.0,1.2,1.9,12.0,23.8,2.6,1.4,4.0,0.114,0.9,-0.9,0.0,0.9
136,Dominick Barlow,137,22,PHI,PF,71,59,1689,6.1,11.4,0.539,0.6,2.3,0.256,5.5,9.1,0.612,0.565,2.7,3.7,0.718,3.8,5.9,9.7,2.5,1.8,1.5,1.6,4.3,15.6,7.7,0.489,0.248,0.04,0.018,0.206,0.665,1.0,0.744,13.2,0.597,0.206,0.328,8.5,13.5,11.0,7.0,1.8,2.9,10.9,12.8,2.2,1.8,3.9,0.112,-1.5,0.4,-1.1,0.4
137,Michael Porter Jr.,138,27,BRK,SF,52,52,1689,13.0,28.1,0.463,5.2,14.2,0.363,7.8,13.8,0.567,0.555,5.7,6.6,0.859,2.0,8.7,10.7,4.6,1.6,0.4,3.6,3.4,36.9,16.9,0.185,0.13,0.075,0.103,0.506,0.653,0.858,0.13,19.9,0.595,0.506,0.237,4.5,21.7,12.6,18.2,1.6,0.7,10.3,30.5,1.7,1.3,2.9,0.083,4.2,-1.2,3.0,2.1
138,Luke Kennard,139,29,2TM,SG,78,6,1681,6.7,12.6,0.533,3.3,7.0,0.478,3.4,5.6,0.601,0.665,1.8,2.0,0.913,0.9,4.3,5.2,5.0,1.6,0.2,1.7,2.9,18.6,17.8,0.113,0.117,0.149,0.068,0.553,0.739,0.966,0.302,13.5,0.689,0.553,0.156,2.1,10.0,6.1,13.8,1.6,0.4,11.2,13.5,3.2,1.4,4.5,0.13,0.1,0.1,0.1,0.9
139,Cameron Johnson,140,29,DEN,SF,54,54,1647,6.8,14.1,0.48,3.3,7.6,0.43,3.5,6.5,0.539,0.596,2.8,3.3,0.839,1.3,4.8,6.1,3.9,1.2,0.6,1.4,3.7,19.6,16.6,0.202,0.131,0.069,0.059,0.539,0.712,0.945,0.344,12.8,0.629,0.539,0.236,3.1,10.6,7.0,10.6,1.2,1.2,8.2,15.1,2.7,1.0,3.7,0.108,0.3,-0.9,-0.6,0.6
140,Brook Lopez,141,37,LAC,C,75,40,1635,7.1,16.5,0.428,3.5,9.6,0.36,3.6,6.8,0.524,0.533,1.7,2.3,0.757,1.4,6.9,8.3,3.0,1.4,2.6,1.9,4.7,19.3,18.3,0.127,0.177,0.094,0.017,0.585,0.602,1.0,0.136,12.3,0.552,0.585,0.137,3.4,15.7,9.7,8.5,1.4,5.0,9.6,17.2,0.5,1.8,2.3,0.068,-1.3,0.4,-0.9,0.5
141,Will Riley,142,19,WAS,SF,74,18,1633,7.9,17.9,0.439,2.3,7.2,0.316,5.6,10.8,0.52,0.502,4.2,5.2,0.8,1.6,4.5,6.1,4.2,1.6,0.3,2.7,2.6,22.2,14.5,0.199,0.249,0.099,0.053,0.4,0.461,0.846,0.202,12.1,0.548,0.4,0.291,3.6,10.4,7.0,12.7,1.6,0.5,11.9,20.2,0.4,0.0,0.4,0.012,-1.9,-2.6,-4.5,-1.0
142,Cody Williams,143,21,UTA,SG,67,41,1631,6.8,14.6,0.468,0.8,3.8,0.214,6.0,10.9,0.556,0.495,2.4,3.4,0.706,1.8,3.9,5.7,3.9,1.5,0.7,2.1,3.5,16.9,10.9,0.253,0.322,0.1,0.067,0.257,0.733,1.0,0.595,9.6,0.524,0.257,0.234,3.9,9.3,6.6,11.4,1.5,1.5,11.5,16.0,0.0,0.1,0.1,0.004,-3.6,-1.9,-5.5,-1.5
143,Bennedict Mathurin,144,23,2TM,SF,54,25,1620,8.7,20.3,0.43,2.2,7.1,0.315,6.5,13.1,0.492,0.485,8.7,10.1,0.869,1.6,7.1,8.8,3.9,1.3,0.4,3.5,4.1,28.4,14.2,0.213,0.21,0.112,0.114,0.352,0.556,0.693,0.143,14.7,0.575,0.352,0.496,3.9,16.5,10.2,12.0,1.3,0.7,12.5,25.2,1.0,1.1,2.1,0.062,-1.1,-1.4,-2.5,-0.2
144,Bobby Portis,145,30,MIL,PF,67,9,1619,11.1,22.8,0.488,4.1,9.0,0.456,7.0,13.8,0.509,0.578,1.5,2.1,0.706,2.7,10.3,13.0,3.2,1.2,0.4,2.0,3.3,27.8,16.3,0.115,0.18,0.151,0.16,0.395,0.623,0.985,0.372,17.1,0.587,0.395,0.091,6.3,23.5,14.9,10.5,1.2,0.7,7.8,23.1,1.6,1.2,2.8,0.083,1.5,-1.6,0.0,0.8
145,Collin Sexton,146,27,2TM,SG,68,22,1614,10.8,22.2,0.485,3.4,8.4,0.401,7.4,13.9,0.536,0.561,6.5,7.6,0.855,1.2,3.4,4.6,6.7,2.3,0.3,4.2,4.3,31.5,13.3,0.275,0.22,0.077,0.053,0.376,0.375,0.804,0.197,17.4,0.615,0.376,0.344,2.8,7.6,5.3,21.7,2.3,0.6,14.2,25.9,2.5,1.4,3.9,0.117,1.1,-0.5,0.6,1.1
146,Cedric Coward,147,22,MEM,SG,62,47,1598,9.0,19.2,0.471,2.8,8.2,0.338,6.3,11.1,0.568,0.542,4.2,4.9,0.843,2.5,8.3,10.8,5.1,1.2,0.8,3.1,3.7,25.0,14.0,0.238,0.207,0.113,0.019,0.424,0.505,0.86,0.244,15.3,0.585,0.424,0.256,5.5,19.4,12.3,16.0,1.2,1.6,12.7,21.5,1.4,1.1,2.5,0.076,0.4,-0.6,-0.2,0.7
147,Peyton Watson,148,23,DEN,SF,54,40,1598,8.7,17.7,0.491,2.5,6.0,0.411,6.2,11.7,0.531,0.56,4.2,5.8,0.73,1.5,6.6,8.1,3.4,1.5,1.9,2.8,4.2,24.1,12.7,0.244,0.258,0.102,0.057,0.339,0.652,0.975,0.401,14.3,0.594,0.339,0.325,3.6,14.4,9.3,9.7,1.5,3.6,12.3,20.6,1.0,1.6,2.6,0.078,-0.8,-0.5,-1.2,0.3
148,Herbert Jones,149,27,NOP,SF,56,56,1588,5.5,14.4,0.383,2.4,7.8,0.309,3.1,6.6,0.47,0.467,1.5,1.9,0.806,1.4,4.3,5.7,4.7,2.7,0.8,2.2,5.3,14.9,16.0,0.224,0.157,0.044,0.033,0.542,0.544,0.938,0.301,9.1,0.491,0.542,0.13,3.2,9.8,6.4,12.9,2.7,1.6,12.6,15.2,-0.4,1.1,0.7,0.022,-3.7,0.6,-3.1,-0.5
149,Jalen Suggs,150,24,ORL,PG,57,56,1574,8.6,19.8,0.435,3.7,11.0,0.339,4.9,8.8,0.554,0.529,3.1,3.6,0.855,1.1,5.6,6.7,9.5,3.2,1.2,4.6,4.4,24.0,17.7,0.156,0.128,0.109,0.052,0.555,0.375,0.811,0.189,15.6,0.561,0.555,0.18,2.5,13.2,7.8,29.6,3.2,2.3,17.8,22.9,0.3,2.4,2.7,0.083,0.7,1.8,2.5,1.8
150,Kelly Oubre Jr.,151,30,PHI,SF,50,41,1574,7.8,16.7,0.467,2.6,7.3,0.36,5.2,9.4,0.551,0.546,3.4,4.4,0.766,1.5,6.2,7.7,2.5,2.1,0.7,2.1,3.9,21.6,14.1,0.224,0.244,0.075,0.017,0.439,0.53,0.953,0.335,13.0,0.58,0.439,0.267,3.4,14.2,8.7,7.3,2.1,1.4,10.2,18.2,1.1,1.6,2.7,0.083,-1.3,-0.1,-1.4,0.2
151,Jordan Goodwin,152,27,PHO,PG,70,10,1572,7.2,17.4,0.413,3.5,9.5,0.371,3.7,8.0,0.462,0.514,1.2,1.8,0.696,4.3,6.4,10.7,4.7,3.3,0.4,2.1,4.2,19.1,16.3,0.231,0.126,0.068,0.031,0.544,0.419,0.902,0.341,14.7,0.525,0.544,0.101,9.4,14.8,12.0,13.6,3.3,0.9,10.5,17.5,1.5,2.4,3.9,0.118,0.3,1.5,1.8,1.5
152,Jrue Holiday,153,35,POR,PG,53,51,1560,9.8,21.7,0.451,4.2,11.1,0.378,5.6,10.6,0.527,0.548,2.7,3.2,0.838,2.2,5.3,7.5,9.9,1.7,0.2,4.5,2.4,26.5,16.7,0.14,0.207,0.097,0.045,0.511,0.317,0.569,0.163,16.4,0.573,0.511,0.148,4.9,12.3,8.5,32.1,1.7,0.3,16.2,23.5,2.1,1.5,3.6,0.109,2.4,-0.5,1.9,1.6
153,Dylan Harper,154,19,SAS,SG,69,4,1558,10.2,20.2,0.505,1.9,5.5,0.343,8.3,14.7,0.565,0.551,2.8,3.7,0.756,1.7,5.5,7.2,8.2,1.7,0.7,3.1,4.3,25.1,10.7,0.405,0.181,0.091,0.05,0.271,0.344,0.902,0.23,16.2,0.574,0.271,0.181,3.8,12.1,8.1,24.7,1.7,1.4,12.3,21.8,2.0,2.2,4.2,0.13,0.3,1.1,1.4,1.3
154,Ron Holland,155,20,DET,SF,78,5,1551,7.3,17.0,0.432,1.6,6.2,0.253,5.8,10.8,0.535,0.478,3.7,4.6,0.805,2.6,7.2,9.8,3.0,2.9,0.8,3.0,5.7,20.0,11.6,0.294,0.292,0.035,0.015,0.364,0.616,0.98,0.571,11.7,0.525,0.364,0.274,6.1,16.5,11.4,8.2,2.9,1.7,13.6,18.9,-0.1,2.9,2.8,0.087,-3.3,1.4,-2.0,0.0
155,Tari Eason,156,24,HOU,PF,60,34,1549,7.8,18.7,0.416,3.0,8.4,0.358,4.8,10.3,0.463,0.496,1.7,2.2,0.776,4.0,8.1,12.1,2.9,2.3,0.9,2.6,4.5,20.2,14.3,0.234,0.193,0.084,0.04,0.448,0.459,0.957,0.477,12.9,0.514,0.448,0.116,9.0,17.8,13.5,8.0,2.3,1.7,11.7,18.7,0.6,2.3,2.9,0.091,-1.8,0.2,-1.6,0.2
156,Kevin Huerter,157,27,2TM,SF,69,14,1549,8.2,18.2,0.451,3.1,9.9,0.308,5.2,8.3,0.624,0.535,1.7,2.2,0.775,1.0,6.3,7.3,5.4,1.9,1.0,2.2,3.5,21.2,16.2,0.21,0.18,0.045,0.02,0.545,0.692,0.94,0.228,13.2,0.552,0.545,0.119,2.4,14.2,8.4,16.1,1.9,1.9,10.3,18.8,0.8,1.7,2.5,0.078,-1.1,0.5,-0.6,0.6
157,Moses Moody,158,23,GSW,SG,60,49,1540,7.7,17.5,0.44,4.8,11.9,0.401,3.0,5.7,0.522,0.575,2.7,3.6,0.77,1.6,4.7,6.3,3.1,1.8,1.1,1.8,3.8,22.9,19.0,0.127,0.117,0.052,0.027,0.677,0.638,0.96,0.345,13.5,0.6,0.677,0.203,3.6,11.0,7.2,9.2,1.8,2.0,8.6,18.3,1.7,1.4,3.1,0.096,0.2,-0.3,-0.1,0.7
158,Terance Mann,159,29,BRK,SG,63,51,1529,5.4,11.9,0.457,1.8,5.0,0.364,3.6,6.9,0.523,0.533,2.0,2.6,0.788,2.3,4.2,6.5,6.1,1.3,0.5,2.3,5.0,14.7,13.9,0.234,0.196,0.111,0.041,0.418,0.455,0.839,0.416,10.2,0.564,0.418,0.217,5.0,10.5,7.6,18.6,1.3,0.9,15.0,13.5,1.2,0.6,1.8,0.056,-2.7,-0.7,-3.4,-0.6
159,Jarrett Allen,160,27,CLE,C,56,56,1519,10.7,16.7,0.638,0.0,0.3,0.1,10.6,16.4,0.649,0.639,5.9,8.3,0.709,4.6,10.5,15.1,3.2,1.7,1.5,2.4,3.0,27.2,5.0,0.455,0.419,0.087,0.021,0.019,0.818,1.0,0.6,22.1,0.669,0.019,0.494,10.5,24.0,17.2,9.7,1.7,2.9,10.4,19.9,4.2,2.2,6.4,0.202,2.2,0.4,2.6,1.8
160,Isaiah Collier,161,21,UTA,PG,59,19,1517,7.9,15.9,0.495,0.8,3.1,0.27,7.1,12.8,0.549,0.521,4.7,6.5,0.722,0.6,4.0,4.6,13.1,2.0,0.6,4.6,4.3,21.3,10.0,0.21,0.445,0.111,0.041,0.194,0.32,0.667,0.21,14.8,0.567,0.194,0.406,1.5,9.4,5.3,39.2,2.0,1.3,19.6,20.4,1.3,0.3,1.7,0.053,-0.7,-1.8,-2.4,-0.2
161,Isaiah Joe,162,26,OKC,SG,71,9,1507,7.9,17.4,0.455,5.8,13.7,0.423,2.1,3.7,0.574,0.622,3.5,3.9,0.894,1.1,4.7,5.8,3.0,1.6,0.4,1.4,3.9,25.2,22.0,0.087,0.039,0.048,0.039,0.788,0.788,0.95,0.222,15.5,0.657,0.788,0.227,2.5,10.2,6.5,8.6,1.6,0.7,7.0,18.4,3.2,2.4,5.5,0.176,2.0,0.5,2.5,1.7
162,Jock Landale,163,30,2TM,C,68,27,1506,8.9,17.2,0.515,2.3,6.1,0.383,6.5,11.2,0.586,0.582,2.5,4.0,0.635,5.8,6.4,12.2,3.6,1.1,1.1,1.9,4.7,22.6,11.8,0.334,0.237,0.057,0.02,0.352,0.702,0.959,0.28,16.6,0.595,0.352,0.23,12.9,14.9,13.9,11.1,1.1,2.2,9.0,18.3,2.7,1.1,3.8,0.122,0.9,-1.0,-0.1,0.7
163,Zaccharie Risacher,164,20,ATL,SF,67,46,1503,7.7,16.8,0.455,3.0,8.1,0.368,4.7,8.7,0.536,0.544,1.8,2.8,0.644,2.2,5.8,8.1,2.4,1.9,1.1,1.8,4.6,20.1,15.0,0.297,0.112,0.047,0.063,0.481,0.718,0.947,0.31,11.8,0.557,0.481,0.168,5.0,13.6,9.3,6.8,1.9,2.2,9.2,17.6,0.5,1.9,2.3,0.074,-2.3,-0.2,-2.5,-0.2
164,Klay Thompson,165,35,DAL,SF,69,8,1497,9.0,22.9,0.393,6.4,16.6,0.383,2.6,6.3,0.418,0.532,1.1,1.5,0.766,0.6,3.9,4.5,3.0,1.0,0.7,2.0,2.2,25.5,21.8,0.055,0.037,0.08,0.104,0.724,0.81,0.931,0.211,11.4,0.541,0.724,0.065,1.3,8.8,5.1,9.5,1.0,1.2,7.8,22.7,-0.3,0.9,0.5,0.018,0.2,-1.5,-1.4,0.2
165,Ryan Kalkbrenner,166,24,CHO,C,69,31,1479,7.3,9.8,0.753,0.0,0.2,0.0,7.3,9.6,0.766,0.753,2.8,3.9,0.716,5.6,7.0,12.6,1.8,1.1,3.4,2.1,3.6,17.5,2.5,0.763,0.21,0.003,0.007,0.017,0.712,0.0,0.2,17.9,0.762,0.017,0.399,13.0,15.7,14.4,5.2,1.1,6.3,15.3,11.6,3.6,2.1,5.7,0.185,0.5,1.3,1.8,1.4
166,Keon Ellis,167,26,2TM,SG,72,11,1478,5.5,12.5,0.44,3.0,8.2,0.363,2.5,4.3,0.586,0.559,1.7,2.3,0.729,1.2,3.2,4.4,2.3,2.7,1.5,1.3,4.4,15.7,18.7,0.143,0.115,0.065,0.023,0.654,0.769,0.967,0.343,10.8,0.579,0.654,0.182,2.8,7.3,5.1,6.3,2.7,2.9,9.0,13.0,1.0,1.2,2.2,0.072,-1.8,1.3,-0.5,0.6
167,Ja'Kobe Walter,168,21,TOR,SG,72,19,1474,6.0,13.4,0.446,3.6,8.9,0.409,2.3,4.5,0.519,0.582,2.3,3.0,0.789,1.9,4.3,6.1,2.8,2.4,0.5,1.2,5.4,17.9,17.9,0.205,0.092,0.035,0.002,0.666,0.729,0.991,0.442,11.8,0.61,0.666,0.223,4.3,10.0,7.1,7.7,2.4,0.9,7.7,14.0,1.9,1.9,3.7,0.121,-1.3,1.0,-0.3,0.6
168,Patrick Williams,169,24,CHI,PF,72,6,1474,5.7,15.2,0.372,3.0,8.7,0.347,2.6,6.5,0.407,0.472,1.7,2.4,0.72,1.6,5.3,6.8,3.3,1.6,0.8,2.4,3.0,16.0,17.1,0.182,0.186,0.048,0.01,0.573,0.422,0.916,0.164,8.2,0.494,0.573,0.157,3.6,11.8,7.7,9.4,1.6,1.5,12.8,16.6,-1.1,1.0,-0.1,-0.005,-3.4,-1.1,-4.5,-0.9
169,Ajay Mitchell,170,23,OKC,SG,57,16,1473,9.4,19.4,0.485,2.0,5.8,0.347,7.4,13.6,0.543,0.536,4.6,5.3,0.87,1.3,4.9,6.2,6.8,2.3,0.6,2.7,3.9,25.4,11.9,0.2,0.364,0.098,0.039,0.298,0.329,0.77,0.267,16.8,0.585,0.298,0.275,3.1,10.6,7.0,20.1,2.3,1.2,10.9,21.8,2.2,2.6,4.8,0.156,0.3,1.6,1.9,1.4
170,Shaedon Sharpe,171,22,POR,SG,50,42,1471,12.7,28.2,0.452,3.3,9.9,0.337,9.4,18.2,0.514,0.511,5.0,6.4,0.787,1.7,5.4,7.0,4.3,2.3,0.2,4.8,3.2,33.8,14.1,0.244,0.184,0.106,0.113,0.353,0.429,0.544,0.111,15.3,0.546,0.353,0.227,3.7,12.4,8.0,15.4,2.3,0.4,13.3,30.5,-0.4,1.6,1.3,0.041,-0.4,-0.9,-1.4,0.2
171,Bilal Coulibaly,172,21,WAS,SG,56,56,1468,7.4,17.5,0.425,2.1,6.6,0.319,5.3,10.9,0.49,0.485,4.3,5.7,0.746,1.5,6.3,7.8,4.7,2.4,1.7,2.6,4.2,21.2,12.8,0.287,0.242,0.055,0.039,0.377,0.412,0.908,0.338,13.5,0.531,0.377,0.327,3.5,14.5,8.9,13.9,2.4,3.2,11.6,19.9,0.2,0.8,1.0,0.031,-1.7,-0.4,-2.1,-0.1
172,Grayson Allen,173,30,PHO,SG,51,27,1467,9.1,22.5,0.403,5.4,15.3,0.349,3.7,7.1,0.519,0.522,4.8,5.7,0.857,1.2,4.0,5.2,6.6,2.3,0.4,2.8,3.9,28.3,20.2,0.097,0.177,0.034,0.009,0.682,0.445,0.78,0.11,16.1,0.568,0.682,0.252,2.7,9.2,5.9,19.9,2.3,0.8,10.1,23.8,2.3,1.6,3.9,0.127,1.9,0.2,2.1,1.5
173,Brandon Williams,174,26,DAL,PG,66,15,1463,9.4,19.9,0.472,1.2,5.0,0.232,8.2,14.9,0.552,0.501,7.8,9.8,0.793,1.0,5.2,6.2,8.3,2.0,0.6,4.0,3.3,27.7,10.7,0.305,0.285,0.107,0.052,0.251,0.306,0.917,0.258,16.8,0.572,0.251,0.493,2.2,11.6,6.9,26.3,2.0,1.2,14.3,25.1,1.2,1.3,2.5,0.083,0.1,0.3,0.4,0.9
174,Daniss Jenkins,175,24,DET,PG,72,19,1455,7.7,18.9,0.408,2.4,6.5,0.374,5.3,12.4,0.426,0.473,4.5,5.4,0.832,1.7,3.8,5.5,9.2,2.1,0.5,3.8,3.6,22.3,13.8,0.164,0.287,0.132,0.074,0.343,0.308,0.863,0.251,13.4,0.525,0.343,0.283,4.0,8.7,6.4,25.8,2.1,1.0,15.3,21.5,0.9,2.0,2.9,0.095,-0.8,0.1,-0.7,0.5
175,Jaren Jackson Jr.,176,26,2TM,C,48,48,1454,11.1,23.4,0.476,2.7,7.7,0.357,8.4,15.8,0.533,0.534,5.3,6.6,0.803,1.4,7.5,8.9,3.1,1.7,2.2,3.5,5.8,30.3,12.6,0.147,0.376,0.146,0.004,0.327,0.581,0.976,0.226,15.7,0.576,0.327,0.282,3.1,17.4,10.1,10.4,1.7,4.4,11.7,26.2,0.1,1.3,1.4,0.047,-1.1,0.5,-0.6,0.5
176,Javonte Green,177,32,DET,SG,82,6,1446,6.2,13.8,0.447,3.1,8.3,0.381,3.0,5.6,0.545,0.56,3.5,4.2,0.84,2.1,5.6,7.7,1.9,3.4,0.8,1.5,3.6,19.0,16.6,0.2,0.171,0.014,0.017,0.597,0.758,0.947,0.385,14.1,0.607,0.597,0.302,4.9,12.8,8.9,5.0,3.4,1.7,8.8,14.8,2.0,2.7,4.7,0.156,-0.3,2.4,2.1,1.5
177,Ivica Zubac,178,28,2TM,C,48,47,1446,9.9,16.5,0.598,0.0,0.0,0.0,9.9,16.5,0.598,0.598,3.5,4.9,0.711,5.6,11.9,17.4,3.6,0.6,1.4,2.9,3.8,23.2,4.6,0.461,0.459,0.081,0.0,0.0,0.667,0.0,0.0,18.6,0.622,0.0,0.295,13.3,27.2,20.4,11.3,0.6,2.6,13.6,19.2,2.6,1.6,4.2,0.139,0.7,-0.9,-0.3,0.6
178,Tre Johnson,179,19,WAS,SG,60,42,1443,8.9,21.2,0.419,3.8,10.5,0.358,5.1,10.7,0.479,0.508,2.5,2.9,0.874,1.0,4.6,5.6,4.0,1.1,0.6,3.1,4.0,24.1,18.2,0.071,0.178,0.185,0.07,0.496,0.436,0.8,0.162,10.6,0.535,0.496,0.134,2.1,10.7,6.3,12.4,1.1,1.1,11.9,22.5,-0.6,-0.1,-0.7,-0.024,-2.1,-2.9,-5.0,-1.1
179,Lauri Markkanen,180,28,UTA,PF,42,42,1443,12.5,26.2,0.477,3.7,10.5,0.355,8.7,15.6,0.559,0.548,7.8,8.7,0.896,2.7,6.7,9.4,2.9,1.4,0.7,2.0,2.5,36.5,13.9,0.21,0.267,0.073,0.047,0.402,0.717,0.948,0.207,21.1,0.608,0.402,0.333,6.1,15.7,10.8,10.1,1.4,1.4,6.4,28.1,3.2,0.3,3.5,0.118,4.6,-2.0,2.6,1.6
180,Khris Middleton,181,34,2TM,SF,63,50,1439,7.5,17.7,0.42,2.2,6.1,0.36,5.3,11.6,0.452,0.482,3.9,4.5,0.875,1.7,5.9,7.6,5.8,1.3,0.3,3.5,4.7,21.0,16.4,0.081,0.161,0.228,0.185,0.344,0.419,0.836,0.306,10.9,0.533,0.344,0.252,3.8,13.4,8.6,17.3,1.3,0.5,15.3,20.6,-0.3,0.5,0.3,0.008,-2.8,-1.5,-4.4,-0.9
181,Sidy Cissoko,182,21,POR,SF,75,26,1435,4.4,11.1,0.398,2.0,6.6,0.298,2.5,4.5,0.544,0.487,1.9,2.9,0.659,2.1,3.5,5.5,3.7,1.7,0.8,2.3,6.1,12.7,16.3,0.216,0.159,0.015,0.018,0.593,0.662,0.949,0.444,7.1,0.514,0.593,0.263,4.6,8.0,6.3,10.2,1.7,1.5,15.8,12.5,0.0,1.3,1.3,0.045,-4.6,0.5,-4.0,-0.7
182,Luke Kornet,183,30,SAS,C,68,25,1430,5.9,9.1,0.643,0.0,0.0,0.0,5.9,9.1,0.643,0.643,3.2,3.8,0.825,6.1,7.8,13.9,4.2,1.1,2.2,0.9,4.0,14.9,2.0,0.827,0.143,0.026,0.004,0.0,0.771,0.0,0.0,17.9,0.689,0.0,0.419,14.0,17.0,15.5,11.3,1.1,4.0,8.0,10.3,4.6,2.3,6.9,0.231,1.6,2.1,3.6,2.0
183,Baylor Scheierman,184,25,BOS,SG,77,20,1429,5.3,11.8,0.453,3.4,8.6,0.399,1.9,3.2,0.6,0.599,1.0,1.1,0.903,2.0,7.5,9.5,4.1,1.5,0.2,1.6,3.8,15.1,20.8,0.066,0.093,0.084,0.027,0.73,0.685,0.948,0.342,11.6,0.616,0.73,0.093,4.5,16.0,10.3,10.5,1.5,0.4,11.7,11.9,2.1,1.8,3.8,0.129,-0.7,1.3,0.6,0.9
184,Spencer Jones,185,24,DEN,SF,64,37,1417,4.5,9.0,0.504,2.0,5.0,0.396,2.6,4.1,0.636,0.613,1.1,1.8,0.608,2.6,4.6,7.2,1.8,1.8,1.0,1.1,6.0,12.1,14.9,0.294,0.13,0.015,0.011,0.55,0.733,1.0,0.611,9.3,0.619,0.55,0.195,6.2,10.1,8.3,4.5,1.8,1.9,9.8,9.7,1.5,1.2,2.6,0.089,-2.4,0.0,-2.4,-0.1
185,Mark Williams,186,24,PHO,C,60,55,1416,9.8,15.3,0.644,0.0,0.0,1.0,9.8,15.2,0.643,0.645,4.7,6.1,0.771,6.5,10.2,16.6,2.0,1.9,1.9,2.3,4.6,24.4,3.3,0.626,0.317,0.05,0.005,0.002,0.683,1.0,1.0,21.8,0.68,0.002,0.4,14.0,23.7,18.7,6.3,1.9,3.7,11.2,17.4,4.0,2.3,6.3,0.215,1.5,0.5,2.0,1.4
186,Aaron Wiggins,187,27,OKC,SG,65,21,1414,7.9,18.3,0.431,3.3,9.2,0.356,4.6,9.1,0.508,0.521,1.8,2.5,0.736,1.4,5.4,6.8,3.7,2.1,1.0,2.8,2.8,20.9,15.1,0.239,0.19,0.052,0.015,0.504,0.556,0.854,0.281,11.7,0.538,0.504,0.134,3.3,11.7,7.6,10.6,2.1,1.9,12.5,19.9,-0.4,2.5,2.1,0.072,-1.7,0.7,-0.9,0.4
187,Walter Clayton,188,22,2TM,PG,69,6,1410,5.9,15.4,0.384,2.5,8.2,0.307,3.4,7.3,0.47,0.465,3.6,4.0,0.901,0.8,3.8,4.6,9.3,1.5,0.6,3.9,4.0,18.0,16.9,0.13,0.206,0.093,0.041,0.529,0.431,0.707,0.115,10.3,0.523,0.529,0.262,1.9,8.9,5.3,26.6,1.5,1.3,18.4,18.5,0.0,0.3,0.3,0.009,-2.2,-2.1,-4.3,-0.8
188,Christian Braun,189,24,DEN,SG,44,44,1399,7.0,13.6,0.519,1.5,5.0,0.301,5.5,8.6,0.646,0.575,2.8,3.5,0.782,2.1,5.2,7.4,4.2,1.0,0.4,1.5,3.6,18.3,11.7,0.373,0.206,0.015,0.039,0.368,0.83,0.907,0.448,12.6,0.607,0.368,0.26,5.1,11.5,8.4,11.4,1.0,0.8,9.0,14.8,2.2,0.8,3.0,0.103,-0.4,-0.9,-1.2,0.3
189,Gui Santos,190,23,GSW,PF,68,30,1395,8.0,16.0,0.5,2.7,7.7,0.351,5.3,8.3,0.639,0.585,3.0,4.2,0.725,2.6,6.6,9.2,5.5,2.1,0.8,3.5,4.9,21.7,14.1,0.274,0.235,0.007,0.002,0.483,0.651,1.0,0.243,14.2,0.609,0.483,0.261,5.9,15.6,10.6,16.7,2.1,1.5,16.6,18.7,1.2,1.5,2.7,0.094,-0.9,0.3,-0.6,0.5
190,Vít Krejčí,191,25,2TM,PG,65,8,1392,6.5,14.6,0.448,4.4,11.2,0.39,2.2,3.4,0.634,0.597,1.3,1.7,0.745,1.1,4.0,5.0,3.4,1.6,0.6,1.4,4.7,18.7,20.8,0.089,0.093,0.042,0.012,0.765,0.875,0.945,0.216,11.1,0.609,0.765,0.119,2.4,9.3,5.8,9.6,1.6,1.2,8.3,14.6,1.5,1.3,2.9,0.099,-1.5,0.0,-1.6,0.1
191,Kyshawn George,192,22,WAS,SF,48,48,1391,8.6,19.6,0.438,3.4,8.9,0.381,5.2,10.8,0.486,0.524,3.6,4.5,0.802,1.5,6.9,8.3,7.3,1.6,1.5,4.3,5.8,24.2,16.5,0.135,0.199,0.137,0.078,0.451,0.331,0.818,0.192,13.8,0.559,0.451,0.227,3.3,15.9,9.5,22.4,1.6,2.7,16.5,22.8,0.1,0.5,0.6,0.022,-0.5,-0.6,-1.2,0.3
192,Ben Sheppard,193,24,IND,SG,65,20,1390,5.7,13.2,0.434,2.9,7.9,0.362,2.9,5.3,0.542,0.543,1.3,1.7,0.765,1.5,5.2,6.7,3.9,1.3,0.2,1.4,3.9,15.7,17.2,0.202,0.121,0.049,0.028,0.599,0.75,0.976,0.358,9.7,0.561,0.599,0.132,3.3,12.2,7.6,11.3,1.3,0.4,9.1,13.8,0.8,0.7,1.4,0.05,-2.4,-0.6,-3.0,-0.4
193,Justin Champagnie,194,24,WAS,SF,69,19,1377,8.0,15.9,0.502,1.8,5.7,0.319,6.2,10.2,0.605,0.56,2.8,3.5,0.784,5.0,8.2,13.2,2.9,2.0,1.5,1.5,3.9,20.5,11.0,0.411,0.212,0.017,0.0,0.359,0.564,0.943,0.331,17.3,0.589,0.359,0.221,11.1,19.0,15.0,8.7,2.0,2.7,8.2,16.7,2.4,0.8,3.1,0.109,0.6,-1.0,-0.4,0.6
194,Will Richard,195,23,GSW,SG,69,21,1377,5.7,12.2,0.468,2.5,7.5,0.335,3.2,4.7,0.679,0.571,1.6,1.9,0.852,2.4,3.7,6.1,3.3,2.8,0.3,1.9,4.6,15.5,16.9,0.231,0.104,0.032,0.02,0.613,0.681,0.972,0.443,11.0,0.596,0.613,0.156,5.3,8.7,7.0,9.3,2.8,0.6,12.5,13.0,1.2,1.4,2.5,0.089,-2.5,0.9,-1.7,0.1
195,Gary Trent Jr.,196,27,MIL,SG,65,21,1377,6.5,16.9,0.387,4.4,12.2,0.36,2.1,4.7,0.458,0.517,1.4,1.9,0.769,0.3,2.1,2.4,2.8,1.2,0.1,1.5,3.0,18.9,21.5,0.038,0.085,0.07,0.085,0.723,0.55,0.886,0.284,8.0,0.533,0.723,0.11,0.7,4.8,2.8,8.0,1.2,0.2,7.6,17.2,-0.2,0.2,-0.1,-0.002,-3.2,-2.2,-5.4,-1.2
196,Sam Merrill,197,29,CLE,SG,52,38,1377,7.8,16.9,0.461,5.5,13.1,0.421,2.3,3.8,0.596,0.624,2.1,2.4,0.855,1.0,3.7,4.6,4.4,1.2,0.2,1.5,4.4,23.1,21.4,0.089,0.056,0.05,0.031,0.775,0.815,0.937,0.163,13.6,0.644,0.775,0.143,2.2,8.4,5.3,12.3,1.2,0.5,7.5,17.0,2.8,0.9,3.7,0.127,1.0,-1.0,0.1,0.7
197,Anfernee Simons,198,26,2TM,SG,55,5,1372,10.4,23.7,0.44,5.3,13.8,0.385,5.1,9.8,0.517,0.552,2.5,2.8,0.896,1.1,3.8,4.9,4.9,1.0,0.3,2.5,3.4,28.7,19.7,0.057,0.153,0.114,0.091,0.585,0.216,0.658,0.087,14.4,0.576,0.585,0.119,2.5,8.1,5.4,14.6,1.0,0.6,9.1,23.6,1.8,1.1,2.9,0.101,1.2,-1.3,-0.1,0.7
198,Jose Alvarado,199,27,2TM,PG,69,3,1370,6.6,15.9,0.416,3.6,10.1,0.352,3.0,5.7,0.531,0.529,1.2,1.6,0.761,0.9,5.1,6.0,8.3,2.3,0.3,2.7,4.6,18.0,18.1,0.131,0.156,0.06,0.013,0.639,0.535,0.752,0.265,12.1,0.543,0.639,0.102,2.1,11.6,6.8,23.1,2.3,0.6,14.1,16.8,1.0,1.2,2.2,0.077,-1.3,0.3,-1.0,0.3
199,Malik Monk,200,27,SAC,SG,62,3,1364,9.8,22.4,0.438,4.4,11.1,0.395,5.4,11.3,0.481,0.536,3.3,3.8,0.879,0.5,3.6,4.1,6.6,1.3,0.9,3.2,3.5,27.4,17.1,0.108,0.217,0.127,0.052,0.497,0.484,0.758,0.14,14.2,0.568,0.497,0.169,1.2,8.6,4.8,20.6,1.3,1.6,11.8,24.0,0.8,0.2,1.0,0.034,0.8,-2.1,-1.3,0.2
200,Ryan Dunn,201,23,PHO,SF,70,16,1355,6.0,13.2,0.453,2.0,6.2,0.331,3.9,7.0,0.56,0.53,0.8,1.7,0.489,3.6,7.2,10.8,3.7,2.2,1.1,2.0,4.7,14.8,13.3,0.331,0.16,0.033,0.008,0.467,0.62,1.0,0.675,11.7,0.532,0.467,0.13,7.8,16.8,12.2,10.3,2.2,2.0,12.8,13.7,0.7,1.9,2.6,0.093,-2.1,1.2,-0.9,0.4
201,Josh Okogie,202,27,HOU,SG,78,32,1354,4.6,10.8,0.425,2.3,5.9,0.385,2.3,4.9,0.474,0.531,1.5,2.5,0.594,3.0,4.4,7.4,2.5,2.3,0.6,1.5,3.9,13.0,15.1,0.245,0.167,0.02,0.02,0.548,0.587,1.0,0.646,9.9,0.544,0.548,0.235,6.7,9.6,8.2,6.4,2.3,1.1,11.2,11.3,1.1,1.6,2.7,0.095,-2.3,1.1,-1.2,0.3
202,Kobe Sanders,203,23,LAC,SG,68,16,1351,6.6,14.1,0.466,2.9,7.2,0.408,3.6,6.9,0.527,0.57,2.1,2.5,0.826,1.1,4.6,5.6,4.0,1.8,0.4,3.0,5.4,18.2,16.9,0.141,0.159,0.117,0.073,0.51,0.556,0.975,0.337,10.0,0.597,0.51,0.18,2.6,10.4,6.6,11.4,1.8,0.7,16.4,16.3,0.4,1.0,1.4,0.051,-2.7,-0.2,-2.9,-0.3
203,Derrick Jones Jr.,204,28,LAC,SF,50,45,1350,7.0,14.0,0.499,2.0,5.6,0.359,4.9,8.3,0.593,0.571,2.6,3.4,0.763,2.2,4.1,6.4,2.5,1.7,1.8,1.5,3.8,18.6,12.3,0.311,0.243,0.034,0.008,0.404,0.724,0.982,0.425,13.3,0.6,0.404,0.245,5.4,9.4,7.5,7.3,1.7,3.5,8.7,15.1,1.7,1.1,2.8,0.1,-0.6,-0.1,-0.7,0.5
204,Darius Garland,205,26,2TM,PG,45,43,1344,11.2,24.4,0.46,4.4,11.2,0.396,6.8,13.2,0.514,0.551,3.8,4.4,0.861,0.7,3.2,3.9,10.9,1.6,0.3,4.7,3.0,30.6,16.4,0.15,0.228,0.106,0.058,0.458,0.299,0.557,0.11,17.1,0.582,0.458,0.182,1.5,7.4,4.5,34.9,1.6,0.6,15.2,27.4,1.7,0.9,2.6,0.092,2.2,-2.4,-0.2,0.6
205,Aaron Nesmith,206,26,IND,SF,45,42,1335,7.5,18.2,0.414,3.7,9.9,0.379,3.8,8.4,0.455,0.517,3.3,4.0,0.829,1.7,4.9,6.7,3.1,0.9,0.8,2.2,4.4,22.1,17.2,0.152,0.15,0.104,0.053,0.541,0.804,0.971,0.274,10.8,0.554,0.541,0.217,3.8,11.6,7.6,9.4,0.9,1.5,10.1,19.8,0.1,0.6,0.7,0.026,-1.7,-1.6,-3.4,-0.5
206,Kris Murray,207,25,POR,SF,57,15,1333,4.6,9.9,0.467,1.2,4.4,0.279,3.4,5.5,0.617,0.529,1.4,2.0,0.684,3.2,4.2,7.4,2.9,1.8,0.8,1.7,3.3,11.9,12.1,0.388,0.17,0.0,0.0,0.442,0.674,1.0,0.541,9.6,0.55,0.442,0.207,7.2,9.6,8.4,8.1,1.8,1.5,13.5,10.6,0.9,1.3,2.2,0.079,-2.3,0.8,-1.5,0.2
207,Stephen Curry,208,37,GSW,PG,43,41,1329,13.6,29.1,0.468,6.9,17.7,0.393,6.7,11.5,0.584,0.587,7.4,8.1,0.923,0.6,5.0,5.6,7.4,1.8,0.6,4.4,2.7,41.7,19.6,0.108,0.158,0.063,0.066,0.606,0.511,0.716,0.066,22.6,0.637,0.606,0.277,1.4,11.7,6.5,27.0,1.8,1.2,11.9,32.5,2.9,1.2,4.1,0.147,6.3,-1.0,5.4,2.5
208,Jordan Miller,209,26,LAC,SF,60,1,1325,8.0,15.0,0.531,1.4,4.1,0.345,6.5,10.8,0.602,0.579,5.1,6.6,0.777,1.9,5.0,6.8,5.1,1.7,0.4,2.4,2.3,22.4,10.6,0.293,0.326,0.1,0.005,0.276,0.448,1.0,0.336,15.9,0.628,0.276,0.439,4.5,11.3,8.0,15.1,1.7,0.8,11.7,18.0,2.5,1.0,3.5,0.125,0.6,-0.4,0.2,0.8
209,Drake Powell,210,20,BRK,SG,63,24,1320,5.4,13.4,0.402,1.9,6.8,0.28,3.5,6.6,0.528,0.473,2.6,2.9,0.896,0.8,3.4,4.2,3.4,1.3,0.5,2.2,3.3,15.3,16.3,0.17,0.148,0.131,0.042,0.508,0.452,0.882,0.264,7.3,0.521,0.508,0.215,1.8,8.4,4.9,10.3,1.3,1.0,13.3,14.9,-0.5,0.5,-0.1,-0.003,-4.6,-1.3,-6.0,-1.3
210,Jericho Sims,211,27,MIL,C,67,19,1318,5.4,6.9,0.784,0.0,0.0,0.0,5.4,6.9,0.784,0.784,1.6,2.6,0.62,5.5,8.3,13.8,3.9,0.7,0.6,2.8,5.4,12.5,2.2,0.816,0.146,0.038,0.0,0.0,0.814,0.0,0.0,12.9,0.772,0.0,0.384,12.7,19.0,15.9,10.7,0.7,1.3,25.8,9.8,2.5,0.7,3.2,0.117,-2.1,-0.9,-3.1,-0.4
211,Dean Wade,212,29,CLE,PF,59,38,1318,4.4,10.1,0.439,2.6,7.1,0.362,1.9,3.0,0.622,0.567,1.0,1.4,0.711,1.9,7.1,9.0,3.2,1.6,0.8,0.6,3.3,12.5,18.5,0.223,0.036,0.025,0.011,0.705,0.725,0.986,0.378,10.9,0.58,0.705,0.137,4.4,16.1,10.3,8.3,1.6,1.7,5.1,9.9,1.7,1.4,3.1,0.114,-0.8,1.0,0.2,0.7
212,Isaiah Stewart,213,24,DET,C,58,13,1317,8.1,14.8,0.55,1.5,4.4,0.333,6.6,10.4,0.642,0.6,3.6,4.8,0.756,3.5,7.1,10.6,2.4,0.6,3.4,2.5,6.1,21.3,9.7,0.358,0.333,0.007,0.002,0.299,0.724,1.0,0.4,15.2,0.632,0.299,0.326,8.3,16.3,12.4,6.9,0.6,7.0,12.7,16.6,1.9,2.1,4.1,0.149,-1.1,1.1,0.0,0.7
213,Egor Dёmin,214,19,BRK,PG,52,45,1308,6.8,17.0,0.399,4.7,12.2,0.385,2.1,4.8,0.433,0.537,2.0,2.5,0.831,0.8,5.4,6.2,6.5,1.6,0.6,3.3,3.5,20.3,20.6,0.109,0.096,0.036,0.042,0.717,0.509,0.823,0.152,11.3,0.561,0.717,0.145,1.8,13.5,7.3,20.7,1.6,1.2,15.3,18.8,0.1,0.7,0.9,0.032,-0.9,-0.7,-1.6,0.1
214,Alex Sarr,215,20,WAS,C,48,48,1305,11.5,23.8,0.482,1.8,5.4,0.333,9.7,18.4,0.526,0.52,3.7,5.3,0.692,3.8,9.1,12.9,4.7,1.4,3.4,3.0,3.8,28.4,10.5,0.262,0.363,0.104,0.043,0.229,0.677,0.9,0.073,19.4,0.544,0.229,0.223,8.5,20.9,14.6,15.9,1.4,6.4,10.2,25.7,0.7,0.9,1.6,0.059,0.8,-0.1,0.7,0.9
215,Yves Missi,216,21,NOP,C,66,14,1297,5.9,10.8,0.544,0.0,0.0,0.0,5.9,10.8,0.546,0.544,2.1,3.8,0.559,6.7,7.5,14.2,3.1,0.7,3.7,2.0,4.2,13.9,2.8,0.656,0.303,0.031,0.007,0.003,0.625,0.0,0.0,15.0,0.556,0.003,0.347,15.0,17.0,16.0,8.6,0.7,7.4,13.7,12.6,1.6,1.1,2.7,0.098,-1.4,-0.3,-1.7,0.1
216,Nicolas Batum,217,37,LAC,PF,74,6,1295,3.7,9.1,0.403,3.5,8.8,0.404,0.2,0.4,0.4,0.597,0.3,0.4,0.818,0.9,6.2,7.1,2.5,1.8,0.9,1.4,3.8,11.3,24.2,0.008,0.004,0.008,0.021,0.958,0.75,1.0,0.434,8.4,0.603,0.958,0.046,2.1,14.1,8.3,6.5,1.8,1.7,13.2,9.6,0.6,1.2,1.8,0.066,-1.7,0.7,-1.0,0.3
217,Ziaire Williams,218,24,BRK,SF,56,13,1281,7.1,16.7,0.425,3.3,9.7,0.343,3.8,7.0,0.538,0.524,4.6,5.4,0.85,1.2,4.0,5.2,2.3,2.9,0.8,2.3,4.5,22.1,16.3,0.224,0.139,0.048,0.009,0.58,0.643,0.977,0.359,12.4,0.579,0.58,0.323,2.6,10.0,6.1,7.4,2.9,1.5,10.7,18.9,0.5,1.1,1.6,0.059,-2.0,0.4,-1.7,0.1
218,Jordan Clarkson,219,33,NYK,SG,72,1,1279,9.2,20.4,0.451,2.7,8.3,0.327,6.5,12.1,0.535,0.517,3.0,3.6,0.83,2.4,2.5,4.9,3.7,1.2,0.3,2.4,4.8,24.1,14.0,0.183,0.27,0.114,0.027,0.407,0.509,0.957,0.379,11.6,0.548,0.407,0.179,5.4,5.7,5.6,10.7,1.2,0.7,10.0,21.1,0.9,1.0,1.9,0.072,-1.9,-1.4,-3.3,-0.4
219,Jaylin Williams,220,23,OKC,PF,65,11,1277,5.6,13.3,0.423,3.7,9.7,0.383,1.9,3.6,0.531,0.563,2.8,3.5,0.793,1.2,12.3,13.6,6.0,1.2,1.6,2.5,4.8,17.8,20.2,0.119,0.088,0.04,0.026,0.727,0.922,0.99,0.211,13.8,0.597,0.727,0.261,2.8,26.6,15.2,16.0,1.2,3.2,14.6,15.6,1.3,2.8,4.1,0.155,0.0,2.8,2.7,1.5
220,Kevin Porter Jr.,221,25,MIL,PG,38,36,1261,9.3,20.0,0.465,1.8,5.6,0.322,7.5,14.5,0.52,0.51,5.3,6.1,0.878,1.3,6.4,7.7,10.9,3.2,0.7,4.3,3.4,25.8,12.9,0.251,0.21,0.128,0.132,0.278,0.228,0.63,0.203,18.7,0.567,0.278,0.304,3.1,14.6,8.9,33.8,3.2,1.5,15.9,24.3,1.5,1.3,2.8,0.106,0.8,1.2,2.1,1.3
221,Coby White,222,25,2TM,SG,50,26,1249,10.6,23.8,0.446,4.4,12.1,0.362,6.2,11.6,0.534,0.539,7.5,9.2,0.817,0.6,5.8,6.5,7.6,1.0,0.2,4.9,4.2,33.1,16.3,0.238,0.141,0.066,0.045,0.51,0.301,0.783,0.116,16.1,0.595,0.51,0.387,1.5,13.1,7.4,24.8,0.9,0.4,14.9,28.8,1.2,0.7,2.0,0.076,0.6,-1.9,-1.3,0.2
222,Collin Murray-Boyles,223,20,TOR,PF,57,22,1246,7.7,13.4,0.579,0.7,2.0,0.34,7.1,11.4,0.62,0.604,2.8,4.2,0.657,5.2,5.9,11.2,4.1,2.0,2.1,2.3,5.8,18.9,6.4,0.617,0.178,0.026,0.032,0.146,0.84,1.0,0.3,16.4,0.621,0.146,0.316,12.0,14.0,13.0,11.7,2.0,4.1,13.2,15.5,2.1,1.9,4.0,0.154,-0.5,1.5,1.0,1.0
223,Nolan Traoré,224,19,BRK,PG,56,31,1243,7.2,19.1,0.38,2.4,7.6,0.318,4.8,11.4,0.422,0.444,2.9,3.7,0.787,0.6,3.4,3.9,8.5,1.8,0.9,5.1,4.7,19.9,13.4,0.194,0.311,0.077,0.017,0.401,0.405,0.885,0.245,7.9,0.479,0.401,0.196,1.2,8.4,4.6,27.2,1.8,1.7,19.9,22.8,-2.3,0.6,-1.6,-0.063,-4.8,-2.0,-6.8,-1.5
224,Adem Bona,225,22,PHI,C,71,18,1234,5.1,8.6,0.595,0.1,0.2,0.333,5.0,8.4,0.603,0.6,3.1,4.4,0.708,5.0,7.0,12.0,1.3,1.2,3.2,2.2,6.0,13.5,2.7,0.755,0.209,0.009,0.0,0.027,0.589,1.0,0.833,12.8,0.638,0.027,0.514,11.2,16.0,13.6,3.4,1.2,6.2,17.2,11.1,1.4,1.5,2.9,0.112,-3.2,0.3,-2.9,-0.3
225,Andre Drummond,226,32,PHI,C,63,25,1231,6.2,13.2,0.472,1.3,3.5,0.356,5.0,9.7,0.514,0.519,2.1,3.3,0.631,7.8,13.0,20.9,3.1,1.5,1.9,2.4,4.9,15.8,8.2,0.516,0.202,0.015,0.0,0.267,0.504,1.0,0.8,16.4,0.539,0.267,0.249,17.5,29.8,23.6,8.9,1.5,3.7,14.0,14.9,1.5,1.9,3.4,0.133,-0.4,-0.2,-0.6,0.4
226,Pat Spencer,227,29,GSW,PG,66,14,1229,7.3,17.2,0.427,2.4,6.6,0.357,5.0,10.6,0.47,0.495,1.7,2.2,0.772,2.0,4.2,6.2,9.2,1.9,0.2,3.4,3.0,18.8,14.7,0.135,0.266,0.177,0.037,0.385,0.302,0.7,0.19,12.1,0.516,0.385,0.131,4.5,9.9,7.2,27.1,1.9,0.4,15.6,18.9,0.5,1.0,1.4,0.056,-1.7,-0.6,-2.3,-0.1
227,Zach LaVine,228,30,SAC,SG,39,37,1224,10.4,21.6,0.479,3.9,10.0,0.39,6.4,11.6,0.556,0.569,4.9,5.6,0.88,0.3,4.0,4.3,3.5,1.1,0.4,2.9,3.2,29.6,16.7,0.157,0.185,0.062,0.132,0.464,0.577,0.768,0.197,14.7,0.614,0.464,0.26,0.7,9.4,4.9,11.2,1.1,0.8,10.8,23.7,1.3,0.0,1.3,0.051,0.6,-2.2,-1.5,0.2
228,Jordan Walsh,229,21,BOS,PF,68,25,1212,5.7,11.1,0.509,2.0,5.2,0.384,3.7,5.9,0.62,0.599,1.8,2.4,0.772,3.5,7.8,11.4,2.3,2.0,1.3,1.5,5.7,15.2,13.3,0.337,0.172,0.022,0.0,0.468,0.602,1.0,0.36,13.1,0.623,0.468,0.213,7.9,16.6,12.3,5.8,2.0,2.6,10.7,11.7,1.9,1.9,3.8,0.15,-1.4,1.6,0.2,0.7
229,Jaxson Hayes,230,25,LAL,C,66,9,1207,8.0,10.6,0.756,0.1,0.1,1.0,7.9,10.5,0.753,0.761,4.0,6.1,0.653,4.0,7.0,11.0,2.4,1.2,2.1,1.3,5.1,20.1,2.8,0.695,0.282,0.011,0.0,0.011,0.81,1.0,0.0,18.3,0.758,0.011,0.573,10.0,16.1,13.2,6.9,1.2,4.0,8.6,13.0,3.8,1.2,5.0,0.199,0.8,0.4,1.2,1.0
230,Joel Embiid,231,31,PHI,C,38,38,1201,13.7,28.0,0.489,2.1,6.4,0.333,11.6,21.6,0.535,0.527,11.5,13.5,0.854,3.0,8.8,11.8,6.0,0.8,1.8,4.4,3.3,41.0,13.4,0.224,0.149,0.221,0.178,0.228,0.608,0.868,0.05,24.7,0.605,0.228,0.481,6.7,20.0,13.3,21.7,0.8,3.6,11.4,33.5,2.8,1.3,4.1,0.163,5.1,-0.2,4.9,2.1
231,Marvin Bagley III,232,26,2TM,PF,60,12,1201,10.0,16.2,0.618,0.9,2.0,0.462,9.1,14.1,0.641,0.647,3.7,5.7,0.66,5.9,8.5,14.4,3.3,1.1,1.7,2.4,4.8,24.7,6.2,0.528,0.326,0.017,0.002,0.127,0.617,1.0,0.192,20.2,0.661,0.127,0.35,13.2,19.3,16.3,10.8,1.1,3.1,11.4,18.6,3.0,0.8,3.8,0.15,1.8,-1.0,0.8,0.8
232,Santi Aldama,233,25,MEM,PF,43,11,1198,9.0,18.8,0.479,2.8,7.9,0.35,6.2,10.9,0.572,0.553,3.0,4.5,0.667,2.6,8.7,11.3,5.0,1.5,1.2,2.2,2.7,23.8,14.1,0.206,0.263,0.082,0.029,0.42,0.804,0.986,0.245,16.3,0.572,0.42,0.239,6.0,20.2,13.0,15.7,1.5,2.4,9.5,20.2,1.3,1.0,2.3,0.092,1.3,0.4,1.7,1.1
233,Daniel Gafford,234,27,DAL,C,55,44,1195,8.2,12.5,0.655,0.0,0.0,0.0,8.2,12.5,0.655,0.655,4.3,6.4,0.683,5.4,9.5,14.9,2.3,1.7,2.7,2.5,5.7,20.7,2.7,0.661,0.313,0.019,0.006,0.0,0.643,0.0,0.0,18.8,0.677,0.0,0.509,12.3,21.1,16.7,7.0,1.7,4.9,14.0,15.8,2.5,1.7,4.1,0.167,-0.5,1.2,0.7,0.8
234,Danny Wolf,235,21,BRK,PF,57,15,1187,7.4,18.3,0.405,2.8,8.8,0.322,4.6,9.5,0.48,0.482,3.5,4.5,0.771,2.4,9.3,11.7,5.3,1.2,1.3,3.0,5.2,21.2,14.3,0.259,0.227,0.016,0.018,0.48,0.591,0.941,0.237,12.3,0.521,0.48,0.248,5.3,23.2,13.8,17.1,1.2,2.5,13.0,20.6,-0.2,1.0,0.8,0.032,-2.2,-0.3,-2.5,-0.2
235,Jimmy Butler,236,36,GSW,SF,38,38,1182,9.8,18.9,0.519,1.3,3.5,0.376,8.5,15.5,0.552,0.554,10.2,11.8,0.864,3.6,5.0,8.7,7.6,2.3,0.3,2.5,1.9,31.2,9.3,0.342,0.303,0.121,0.05,0.184,0.505,0.719,0.435,23.5,0.646,0.184,0.621,8.2,11.8,10.0,24.3,2.3,0.6,9.3,23.3,4.6,1.1,5.7,0.233,5.0,0.5,5.5,2.3
236,Mouhamed Gueye,237,23,ATL,PF,77,8,1179,5.2,11.6,0.452,1.6,5.2,0.308,3.6,6.4,0.569,0.521,1.6,2.5,0.645,3.6,7.4,11.0,2.8,2.4,1.6,1.3,5.1,13.7,13.1,0.338,0.138,0.055,0.021,0.448,0.714,1.0,0.662,12.0,0.539,0.448,0.214,8.1,17.4,12.7,7.4,2.4,3.0,9.4,12.4,0.9,1.8,2.7,0.11,-2.6,1.3,-1.3,0.2
237,GG Jackson II,238,21,MEM,PF,55,28,1178,10.3,20.7,0.496,2.6,7.8,0.332,7.7,12.9,0.595,0.558,4.5,6.1,0.742,2.0,7.5,9.5,3.3,1.2,1.8,3.4,3.0,27.6,12.2,0.329,0.232,0.053,0.012,0.375,0.576,0.859,0.295,15.6,0.591,0.375,0.294,4.4,17.4,10.8,10.7,1.2,3.4,12.8,23.5,0.4,0.9,1.3,0.052,0.0,-1.2,-1.2,0.2
238,Bones Hyland,239,25,MIN,PG,71,3,1177,8.6,19.0,0.453,4.7,12.1,0.388,3.9,6.9,0.568,0.577,2.6,3.3,0.78,0.9,4.2,5.2,7.6,1.8,0.7,2.8,4.9,24.5,18.4,0.19,0.088,0.056,0.028,0.639,0.333,0.767,0.147,15.1,0.599,0.639,0.175,2.2,9.5,5.9,22.7,1.8,1.3,12.2,20.6,1.8,1.3,3.1,0.126,1.2,0.5,1.7,1.1
239,De'Andre Hunter,240,28,2TM,SF,45,25,1176,8.5,20.5,0.415,3.1,10.1,0.305,5.4,10.4,0.522,0.49,5.1,5.8,0.867,1.2,6.3,7.6,3.7,1.2,0.2,3.1,4.6,25.1,17.0,0.134,0.176,0.136,0.064,0.491,0.662,0.853,0.211,11.4,0.545,0.491,0.285,2.8,14.5,8.7,10.6,1.2,0.5,11.7,22.9,0.1,1.0,1.1,0.044,-2.5,-1.5,-3.9,-0.6
240,Mitchell Robinson,241,27,NYK,C,60,16,1175,6.3,8.7,0.723,0.0,0.0,0.0,6.3,8.7,0.723,0.723,1.8,4.3,0.408,10.6,11.5,22.2,2.2,2.4,3.0,1.7,5.4,14.3,1.0,0.922,0.073,0.005,0.0,0.0,0.577,0.0,0.0,21.1,0.676,0.0,0.5,23.9,26.1,25.0,5.8,2.4,6.1,14.0,10.7,3.3,2.5,5.8,0.236,1.9,1.5,3.5,1.6
241,Simone Fontecchio,242,30,MIA,SF,70,9,1173,7.7,18.6,0.412,4.9,13.0,0.375,2.8,5.7,0.497,0.542,3.4,4.0,0.843,2.2,6.1,8.3,4.0,1.5,0.4,1.9,4.1,23.6,18.9,0.151,0.127,0.013,0.013,0.696,0.69,0.976,0.28,13.8,0.579,0.696,0.217,4.9,13.8,9.3,11.6,1.5,0.7,8.7,19.6,1.4,1.2,2.6,0.106,0.7,-0.2,0.5,0.7
242,Ryan Nembhard,243,22,DAL,PG,60,27,1171,6.5,15.7,0.415,1.9,5.4,0.356,4.6,10.3,0.447,0.477,1.0,1.2,0.806,0.5,4.8,5.4,12.7,1.0,0.1,3.4,3.5,16.0,16.5,0.09,0.159,0.228,0.177,0.346,0.281,0.75,0.111,10.9,0.492,0.346,0.079,1.2,10.8,6.0,37.2,1.0,0.1,17.4,17.5,0.1,0.7,0.8,0.031,-2.4,-1.7,-4.1,-0.6
243,Landry Shamet,244,28,NYK,SG,51,12,1171,6.7,15.4,0.437,4.4,11.1,0.392,2.4,4.3,0.554,0.578,2.3,3.2,0.711,1.0,2.9,3.9,3.0,1.3,0.4,1.3,3.3,20.1,19.6,0.162,0.038,0.044,0.033,0.723,0.768,0.981,0.445,11.2,0.598,0.723,0.209,2.2,6.6,4.4,8.2,1.3,0.8,7.0,15.7,1.6,1.0,2.6,0.106,-0.4,0.1,-0.3,0.5
244,Day'Ron Sharpe,245,24,BRK,C,62,7,1160,9.1,15.2,0.601,0.4,1.7,0.231,8.7,13.5,0.647,0.614,4.4,6.5,0.678,7.3,10.3,17.6,6.2,2.9,1.1,4.5,6.3,23.0,5.2,0.587,0.292,0.003,0.008,0.11,0.537,1.0,0.333,20.5,0.638,0.11,0.427,16.2,25.7,20.7,21.1,2.9,2.1,20.0,19.9,2.0,1.5,3.5,0.144,0.4,1.0,1.4,1.0
245,Jared McCain,246,21,2TM,SG,67,3,1160,8.5,20.0,0.425,4.1,10.7,0.385,4.4,9.3,0.471,0.528,2.1,2.5,0.864,1.0,4.7,5.7,3.7,1.5,0.2,2.3,3.4,23.2,17.3,0.16,0.144,0.108,0.052,0.535,0.39,0.848,0.226,11.6,0.551,0.535,0.123,2.2,10.6,6.4,11.0,1.5,0.4,10.0,20.7,0.2,1.2,1.5,0.06,-1.6,-0.8,-2.4,-0.1
246,Quinten Post,247,25,GSW,PF,67,35,1159,8.1,18.4,0.44,3.9,11.6,0.336,4.2,6.8,0.617,0.546,1.4,1.8,0.791,2.8,8.4,11.3,3.9,1.1,1.5,2.3,5.2,21.5,17.9,0.141,0.171,0.03,0.027,0.631,0.69,0.989,0.307,13.0,0.56,0.631,0.098,6.4,19.7,12.9,11.9,1.1,2.8,10.9,18.8,0.7,1.2,1.9,0.078,-1.0,-0.1,-1.1,0.3
247,Svi Mykhailiuk,248,28,UTA,SF,50,41,1156,7.0,14.7,0.478,4.0,9.7,0.408,3.0,5.0,0.615,0.613,1.0,1.1,0.893,1.5,3.6,5.0,3.8,1.1,0.1,1.7,2.6,19.0,18.3,0.13,0.152,0.036,0.019,0.663,0.64,0.929,0.413,11.4,0.626,0.663,0.077,3.3,8.4,5.8,11.0,1.1,0.3,10.1,14.8,1.3,-0.2,1.1,0.048,0.3,-2.0,-1.7,0.1
248,Caris LeVert,249,31,DET,SG,60,0,1154,6.8,16.4,0.417,2.5,7.5,0.333,4.3,8.8,0.488,0.494,2.4,3.5,0.679,1.0,3.9,4.9,6.7,2.1,1.7,3.4,3.8,18.6,15.3,0.192,0.217,0.105,0.026,0.46,0.466,0.733,0.217,10.9,0.518,0.46,0.215,2.3,9.0,5.7,18.2,2.1,3.5,16.1,18.4,-0.2,1.8,1.6,0.066,-1.8,1.5,-0.4,0.5
249,Jakob Poeltl,250,30,TOR,C,46,44,1149,9.2,13.2,0.7,0.0,0.0,0.0,9.2,13.2,0.7,0.7,2.5,4.2,0.602,4.8,8.9,13.7,3.9,1.7,1.4,2.4,6.2,20.9,3.7,0.59,0.297,0.113,0.0,0.0,0.788,0.0,0.0,18.1,0.698,0.0,0.316,11.2,20.8,16.0,11.7,1.7,2.7,13.9,15.3,2.6,1.8,4.3,0.18,0.2,1.4,1.6,1.0
250,Craig Porter Jr.,251,25,CLE,PG,64,3,1148,4.9,10.8,0.45,1.4,3.9,0.355,3.5,6.9,0.503,0.514,1.0,1.7,0.6,3.6,5.7,9.2,8.6,2.4,1.6,2.5,2.9,12.1,12.9,0.264,0.205,0.155,0.016,0.36,0.53,0.818,0.333,13.7,0.524,0.36,0.155,8.2,12.9,10.5,22.4,2.4,3.1,17.6,12.3,1.3,1.5,2.8,0.116,0.0,1.9,2.0,1.2
251,Gary Payton II,252,33,GSW,SG,73,1,1142,10.3,17.6,0.583,1.6,5.4,0.291,8.7,12.2,0.712,0.628,1.1,1.7,0.65,4.3,7.0,11.2,5.2,2.8,0.9,2.6,5.6,23.2,9.6,0.448,0.236,0.01,0.0,0.306,0.805,0.946,0.48,18.3,0.632,0.306,0.096,9.7,16.3,12.9,16.9,2.8,1.7,12.5,18.4,2.0,1.5,3.5,0.149,0.7,1.3,1.9,1.1
252,Dru Smith,253,28,MIA,SG,70,1,1141,5.5,13.2,0.415,1.5,5.2,0.295,3.9,8.0,0.495,0.474,3.5,4.3,0.829,2.5,4.5,7.0,7.3,4.1,0.9,2.2,4.4,16.1,12.8,0.258,0.292,0.046,0.006,0.397,0.464,0.921,0.372,14.5,0.532,0.397,0.323,5.6,10.2,7.9,20.0,4.1,1.6,12.9,15.2,1.2,1.9,3.0,0.127,-1.5,3.6,2.2,1.2
253,Isaiah Hartenstein,254,27,OKC,C,47,46,1137,7.8,12.6,0.622,0.0,0.3,0.0,7.8,12.3,0.637,0.622,2.7,4.5,0.61,6.3,12.5,18.8,7.1,2.0,1.5,3.5,5.0,18.4,4.8,0.524,0.314,0.139,0.0,0.024,0.777,0.0,0.286,19.8,0.631,0.024,0.355,14.8,27.0,21.1,20.1,2.0,3.1,19.3,16.1,2.5,2.8,5.3,0.223,1.0,3.2,4.2,1.8
254,Paul George,255,35,PHI,PF,37,37,1135,9.6,21.8,0.439,4.3,10.8,0.392,5.3,11.0,0.484,0.536,3.9,4.7,0.82,0.9,7.5,8.3,5.7,2.6,0.7,2.7,3.6,27.3,18.0,0.115,0.105,0.15,0.133,0.497,0.36,0.78,0.22,16.7,0.57,0.497,0.216,1.9,17.1,9.4,17.7,2.6,1.3,10.2,23.3,1.1,1.4,2.5,0.108,1.0,0.7,1.7,1.1
255,Jarred Vanderbilt,256,26,LAL,PF,65,3,1128,4.9,10.4,0.471,1.3,4.3,0.293,3.6,6.1,0.596,0.531,1.4,2.4,0.589,3.5,9.2,12.6,3.6,2.4,0.8,2.4,4.5,12.5,11.2,0.425,0.154,0.0,0.008,0.413,0.69,0.966,0.909,11.2,0.544,0.413,0.233,8.6,21.3,15.2,9.6,2.4,1.6,17.5,12.4,0.4,1.5,1.8,0.079,-2.4,0.9,-1.5,0.1
256,De'Anthony Melton,257,27,GSW,PG,49,24,1125,9.3,22.8,0.407,3.1,10.6,0.294,6.2,12.2,0.505,0.475,4.3,5.2,0.826,1.7,5.1,6.8,5.4,3.3,0.9,3.9,3.9,25.9,15.0,0.159,0.288,0.051,0.038,0.464,0.42,0.875,0.22,13.4,0.518,0.464,0.229,3.8,12.0,7.8,16.9,3.3,1.6,13.5,25.4,-0.7,1.5,0.7,0.031,-2.6,0.1,-2.5,-0.1
257,Luka Garza,258,27,BOS,C,69,6,1118,9.3,16.2,0.577,2.5,5.7,0.433,6.8,10.4,0.657,0.654,4.1,5.3,0.769,7.1,5.7,12.7,3.0,1.2,1.3,2.1,7.3,25.2,11.7,0.353,0.232,0.048,0.011,0.356,0.596,0.982,0.134,19.9,0.682,0.356,0.328,15.7,12.0,13.8,8.5,1.2,2.5,10.1,17.7,3.9,1.4,5.3,0.226,2.2,0.2,2.4,1.2
258,Taylor Hendricks,259,22,2TM,PF,59,17,1118,6.9,15.0,0.459,2.7,7.8,0.342,4.2,7.2,0.585,0.548,2.1,3.0,0.681,2.7,6.6,9.3,2.3,2.1,1.3,2.1,4.2,18.5,14.7,0.234,0.214,0.028,0.006,0.518,0.71,0.984,0.44,12.2,0.566,0.518,0.203,6.2,15.4,10.7,6.8,2.1,2.5,11.5,16.2,0.4,0.8,1.1,0.049,-1.5,-0.9,-2.4,-0.1
259,John Konchar,260,29,2TM,SG,56,8,1115,4.0,8.4,0.472,1.2,4.2,0.283,2.8,4.2,0.66,0.543,1.4,1.9,0.727,3.1,7.0,10.1,5.0,3.5,1.6,1.5,3.3,10.5,14.2,0.291,0.166,0.035,0.01,0.497,0.697,0.964,0.465,13.6,0.568,0.497,0.221,7.0,16.5,11.6,13.4,3.5,3.2,13.8,9.4,1.2,1.2,2.4,0.104,-1.3,2.2,0.9,0.8
260,Ousmane Dieng,261,22,2TM,C,57,20,1099,7.5,17.7,0.422,2.8,8.2,0.341,4.7,9.5,0.493,0.501,1.4,2.0,0.711,1.3,6.7,8.0,6.1,1.1,0.8,3.3,3.5,19.2,17.2,0.133,0.153,0.153,0.095,0.465,0.39,0.73,0.168,10.2,0.516,0.465,0.113,3.0,15.2,9.2,17.7,1.1,1.5,15.2,19.7,-0.6,0.9,0.3,0.012,-2.6,-1.2,-3.8,-0.5
261,Jalen Smith,262,25,CHI,C,53,21,1095,8.3,17.3,0.483,3.5,9.4,0.373,4.8,7.9,0.614,0.584,2.9,4.0,0.742,4.2,11.0,15.2,2.8,1.0,1.8,2.3,4.7,23.1,15.3,0.329,0.097,0.005,0.025,0.545,0.77,1.0,0.25,16.6,0.608,0.545,0.23,9.6,24.6,17.2,8.5,1.0,3.3,10.6,19.0,1.5,1.1,2.6,0.114,0.2,-0.9,-0.7,0.4
262,Kentavious Caldwell-Pope,263,32,MEM,SG,51,14,1088,6.5,15.9,0.41,2.4,7.6,0.316,4.1,8.4,0.495,0.485,3.2,3.5,0.913,0.9,4.6,5.4,6.1,1.9,0.3,2.7,2.5,18.6,17.5,0.101,0.161,0.09,0.172,0.475,0.726,0.873,0.155,11.0,0.533,0.475,0.219,2.0,10.6,6.2,17.7,1.9,0.7,13.2,17.7,0.2,0.5,0.7,0.032,-2.3,-0.2,-2.5,-0.1
263,Hugo González,264,19,BOS,SF,74,3,1084,5.5,11.5,0.476,2.0,5.4,0.362,3.5,6.1,0.577,0.561,0.6,1.2,0.5,2.9,8.6,11.5,1.9,2.0,1.0,1.8,5.8,13.5,13.8,0.26,0.228,0.028,0.012,0.472,0.667,1.0,0.466,10.2,0.561,0.472,0.106,6.4,18.3,12.5,4.8,2.0,2.0,12.9,11.8,0.5,1.7,2.2,0.099,-3.1,1.6,-1.5,0.1
264,Jusuf Nurkić,265,31,UTA,C,41,36,1083,7.8,15.5,0.503,1.1,3.1,0.352,6.7,12.4,0.54,0.538,2.7,4.9,0.549,4.6,13.8,18.4,8.5,2.3,1.0,4.4,5.8,19.4,9.1,0.263,0.472,0.061,0.006,0.198,0.71,1.0,0.042,16.4,0.548,0.198,0.316,10.3,32.6,21.2,25.4,2.3,2.0,19.9,19.3,0.4,1.1,1.5,0.068,-0.5,1.6,1.1,0.9
265,Miles McBride,266,25,NYK,SG,41,15,1080,7.9,18.5,0.423,5.1,12.4,0.413,2.7,6.1,0.444,0.562,1.7,2.2,0.787,1.1,3.5,4.6,4.9,1.6,0.4,1.5,3.2,22.5,20.4,0.064,0.087,0.094,0.084,0.671,0.424,0.821,0.273,13.1,0.578,0.671,0.116,2.5,7.9,5.2,13.5,1.6,0.9,7.2,18.2,1.6,1.1,2.7,0.119,1.0,0.2,1.2,0.9
266,Corey Kispert,267,26,2TM,SF,58,10,1080,8.1,17.2,0.467,3.8,10.4,0.367,4.2,6.9,0.618,0.577,3.4,4.2,0.794,1.2,4.6,5.8,4.0,0.7,0.4,2.0,2.6,23.3,17.2,0.234,0.137,0.028,0.0,0.602,0.763,0.954,0.207,13.1,0.609,0.602,0.246,2.7,10.7,6.6,11.8,0.7,0.7,9.3,18.6,1.4,0.5,1.8,0.082,0.1,-2.0,-1.9,0.0
267,Rayan Rupert,268,21,2TM,SG,64,8,1072,5.5,13.9,0.393,2.0,6.0,0.324,3.5,7.9,0.446,0.463,1.9,2.4,0.778,2.1,6.2,8.3,3.0,2.4,0.4,2.4,5.5,14.7,14.1,0.201,0.265,0.07,0.029,0.435,0.481,0.932,0.404,8.2,0.493,0.435,0.173,4.8,14.4,9.5,8.6,2.4,0.8,14.0,15.0,-0.5,1.1,0.6,0.026,-5.0,-0.1,-5.1,-0.8
268,Gradey Dick,269,22,TOR,SG,76,1,1067,7.4,17.6,0.419,2.6,8.5,0.301,4.8,9.0,0.53,0.492,3.5,4.0,0.875,1.9,4.8,6.7,2.3,2.1,0.3,2.0,4.6,20.8,15.5,0.24,0.13,0.081,0.065,0.484,0.829,1.0,0.366,10.7,0.538,0.484,0.229,4.4,11.3,7.8,6.5,2.1,0.6,9.2,18.7,0.2,1.3,1.4,0.064,-3.2,-0.4,-3.6,-0.4
269,Giannis Antetokounmpo,270,31,MIL,PF,36,36,1039,17.7,28.3,0.624,0.7,2.1,0.333,16.9,26.2,0.647,0.636,11.0,16.9,0.65,4.6,12.0,16.7,9.3,1.6,1.1,5.4,4.1,47.0,6.1,0.61,0.161,0.064,0.09,0.075,0.475,0.867,0.022,32.6,0.658,0.075,0.597,10.7,27.4,19.2,38.7,1.6,2.3,13.2,37.0,3.9,1.1,5.0,0.231,7.7,1.8,9.5,3.0
270,Tyler Herro,271,26,MIA,SG,33,28,1033,11.1,23.1,0.48,3.8,10.0,0.378,7.3,13.2,0.556,0.561,4.4,4.9,0.917,0.6,6.5,7.1,6.1,1.0,0.5,2.9,2.8,30.4,16.3,0.091,0.25,0.181,0.047,0.431,0.497,0.75,0.108,17.1,0.602,0.431,0.21,1.4,14.6,7.9,19.7,1.0,1.0,10.2,24.7,1.4,1.0,2.4,0.112,2.4,-0.4,2.0,1.1
271,Jamir Watkins,272,24,WAS,SG,50,7,1032,6.1,13.6,0.446,2.2,7.3,0.297,3.9,6.3,0.616,0.525,2.6,3.8,0.695,2.2,6.7,8.9,3.1,2.5,1.1,1.8,5.9,16.9,15.5,0.257,0.172,0.027,0.01,0.534,0.541,0.957,0.424,11.8,0.554,0.534,0.277,5.0,15.4,10.1,8.8,2.5,2.1,10.8,15.1,0.5,0.5,1.1,0.049,-2.9,-0.5,-3.3,-0.3
272,Alex Caruso,273,31,OKC,SG,56,0,1020,6.0,14.2,0.423,2.5,8.6,0.293,3.5,5.6,0.622,0.512,1.9,2.4,0.804,1.3,6.0,7.3,5.2,3.4,0.8,2.3,3.2,16.5,16.4,0.23,0.133,0.023,0.01,0.603,0.689,0.981,0.436,12.8,0.54,0.603,0.17,3.1,13.0,8.2,14.1,3.4,1.6,13.0,15.7,0.3,2.2,2.5,0.12,-1.4,3.3,1.9,1.0
273,Franz Wagner,274,24,ORL,SF,34,32,1019,11.5,23.9,0.481,2.3,6.6,0.345,9.2,17.3,0.533,0.529,7.7,9.3,0.823,2.0,6.3,8.3,5.3,1.5,0.5,2.7,3.4,32.9,11.3,0.258,0.345,0.075,0.047,0.274,0.515,0.771,0.173,19.2,0.588,0.274,0.391,4.7,14.8,9.7,18.2,1.5,1.0,8.9,27.0,1.8,1.1,2.8,0.134,2.6,-0.2,2.5,1.2
274,Caleb Love,275,24,POR,SG,49,1,1013,9.0,23.1,0.388,4.4,13.8,0.318,4.6,9.3,0.49,0.483,1.7,2.3,0.735,1.2,4.2,5.4,5.8,1.3,0.2,2.9,2.3,24.0,18.5,0.122,0.167,0.053,0.061,0.596,0.412,0.828,0.127,10.7,0.497,0.596,0.1,2.6,9.7,6.1,18.4,1.3,0.4,10.8,23.0,-0.1,0.8,0.6,0.031,-1.5,-1.6,-3.1,-0.3
275,Robert Williams,276,28,POR,C,59,1,1008,8.4,11.8,0.708,0.4,1.1,0.391,8.0,10.8,0.74,0.726,1.6,2.7,0.596,6.7,13.0,19.7,2.8,1.7,4.1,2.3,3.5,18.8,4.5,0.644,0.224,0.032,0.008,0.092,0.696,1.0,0.826,22.1,0.722,0.092,0.228,14.9,29.9,22.3,8.9,1.7,7.7,15.1,13.1,2.4,2.0,4.5,0.213,2.0,2.4,4.5,1.7
276,Guerschon Yabusele,277,30,2TM,C,67,19,1007,5.9,14.8,0.401,3.3,9.3,0.352,2.7,5.5,0.483,0.511,2.6,3.4,0.75,2.7,8.4,11.1,3.0,1.2,0.8,1.9,3.8,17.7,17.3,0.189,0.138,0.032,0.013,0.628,0.679,0.986,0.332,11.1,0.543,0.628,0.231,6.1,19.0,12.6,8.3,1.2,1.5,10.7,16.1,0.4,1.0,1.4,0.067,-1.7,-0.5,-2.2,-0.1
277,Aaron Gordon,278,30,DEN,PF,36,33,1005,9.6,19.3,0.497,3.0,7.6,0.389,6.7,11.7,0.568,0.574,6.1,7.9,0.767,2.5,7.7,10.1,4.7,1.0,0.5,1.8,3.0,28.3,13.7,0.294,0.148,0.093,0.07,0.394,0.642,0.852,0.242,18.5,0.62,0.394,0.41,6.0,16.8,11.6,13.7,1.0,0.9,7.5,21.9,2.4,0.7,3.2,0.153,2.9,-1.2,1.7,0.9
278,Nae'Qwan Tomlin,279,25,CLE,PF,64,3,1004,7.2,15.0,0.478,1.3,5.5,0.235,5.9,9.5,0.618,0.521,2.2,2.9,0.77,4.1,4.8,8.9,2.5,2.0,1.6,1.4,6.0,17.9,10.4,0.503,0.121,0.01,0.0,0.366,0.659,0.963,0.609,12.9,0.549,0.366,0.194,9.5,10.9,10.2,7.0,2.0,3.2,7.8,15.5,1.1,1.1,2.2,0.107,-2.2,0.1,-2.1,0.0
279,Mike Conley,280,38,MIN,PG,54,15,991,3.5,10.4,0.335,2.7,8.0,0.337,0.8,2.4,0.327,0.465,2.2,2.4,0.9,0.9,3.6,4.5,7.6,1.7,0.7,1.6,4.0,11.8,21.1,0.056,0.107,0.037,0.028,0.772,0.75,0.929,0.277,9.4,0.517,0.772,0.233,2.0,8.2,5.2,19.5,1.7,1.2,12.5,11.5,0.9,1.0,1.9,0.092,-2.3,1.0,-1.3,0.2
280,Olivier-Maxence Prosper,281,23,MEM,PF,53,24,984,9.2,16.9,0.549,2.9,7.1,0.405,6.4,9.7,0.653,0.634,4.1,5.5,0.754,2.8,6.2,9.0,2.5,1.9,0.6,2.3,4.0,25.5,12.6,0.357,0.183,0.026,0.011,0.423,0.758,0.95,0.365,16.9,0.662,0.423,0.326,6.4,14.3,10.3,7.8,1.9,1.2,10.5,18.9,1.8,0.7,2.4,0.119,1.1,-1.2,-0.1,0.5
281,Tyus Jones,282,29,3TM,PG,67,12,979,3.7,10.7,0.349,2.0,6.7,0.292,1.8,4.0,0.444,0.44,0.3,0.4,0.778,0.6,3.1,3.7,7.8,1.8,0.1,1.2,1.5,9.8,19.1,0.05,0.193,0.092,0.037,0.628,0.583,0.8,0.219,8.3,0.448,0.628,0.041,1.4,7.2,4.3,20.9,1.8,0.3,10.1,10.7,0.2,0.8,1.0,0.051,-2.9,0.5,-2.4,-0.1
282,Justin Edwards,283,22,PHI,SF,64,12,977,7.1,15.8,0.447,3.3,8.9,0.372,3.8,6.9,0.543,0.552,1.6,1.9,0.846,1.3,3.4,4.6,4.0,2.7,0.5,1.8,4.5,19.1,17.6,0.159,0.15,0.094,0.034,0.563,0.513,0.91,0.167,12.1,0.572,0.563,0.122,2.9,7.7,5.2,11.5,2.7,1.1,9.6,16.1,0.8,0.9,1.7,0.086,-1.8,0.6,-1.3,0.2
283,Ochai Agbaji,284,25,2TM,SG,62,13,973,6.1,14.1,0.436,1.7,6.4,0.266,4.4,7.7,0.579,0.496,1.8,2.2,0.837,2.3,4.8,7.1,2.4,1.2,0.9,1.6,4.7,15.8,13.7,0.346,0.161,0.025,0.011,0.457,0.83,0.941,0.43,8.9,0.525,0.457,0.154,5.3,11.5,8.3,6.8,1.2,1.7,9.4,14.6,0.1,0.8,0.9,0.046,-3.5,-0.5,-4.0,-0.5
284,Goga Bitadze,285,26,ORL,C,64,3,972,7.5,11.1,0.676,0.1,0.5,0.182,7.4,10.6,0.701,0.68,3.4,4.8,0.711,6.8,9.0,15.8,4.2,1.8,3.0,2.1,6.7,18.5,3.3,0.729,0.191,0.027,0.004,0.049,0.687,1.0,0.364,20.1,0.7,0.049,0.431,15.6,21.2,18.4,12.5,1.8,5.7,13.8,13.5,2.8,1.6,4.4,0.218,0.8,2.0,2.8,1.2
285,Rob Dillingham,286,21,2TM,PG,65,0,970,7.9,20.0,0.396,2.0,6.5,0.316,5.9,13.6,0.434,0.447,2.0,2.7,0.745,0.9,5.4,6.4,6.9,2.3,0.3,4.9,5.5,19.9,12.9,0.245,0.248,0.097,0.087,0.323,0.339,0.786,0.195,7.7,0.469,0.323,0.133,2.1,12.2,7.2,20.6,2.3,0.5,18.6,23.1,-2.0,0.9,-1.1,-0.056,-6.3,-0.9,-7.3,-1.3
286,Al Horford,287,39,GSW,C,45,13,969,6.9,16.2,0.426,3.7,10.3,0.361,3.2,6.0,0.538,0.54,1.1,1.3,0.846,2.2,8.8,11.0,5.8,1.5,2.6,2.1,2.6,18.6,18.3,0.099,0.222,0.034,0.012,0.633,0.703,0.986,0.215,14.7,0.554,0.633,0.08,5.0,20.5,12.6,17.0,1.5,4.9,11.1,16.5,0.8,1.3,2.1,0.105,0.3,1.3,1.6,0.9
287,T.J. McConnell,288,33,IND,PG,56,4,963,11.9,22.2,0.538,0.8,2.5,0.32,11.2,19.7,0.565,0.556,1.2,1.4,0.862,1.1,5.0,6.1,14.2,2.8,0.5,3.2,3.1,25.9,11.7,0.144,0.278,0.318,0.149,0.111,0.292,0.938,0.16,20.5,0.567,0.111,0.064,2.4,11.8,7.0,50.0,2.8,0.9,12.1,23.2,1.8,0.8,2.6,0.132,2.1,0.4,2.5,1.1
288,Kobe Brown,289,26,2TM,PF,61,10,963,6.4,13.6,0.469,2.6,7.0,0.374,3.8,6.6,0.568,0.565,2.4,3.0,0.797,3.4,5.9,9.3,4.0,1.2,0.6,2.7,3.5,17.7,15.0,0.303,0.148,0.026,0.011,0.513,0.533,0.923,0.374,12.0,0.594,0.513,0.218,7.8,13.6,10.7,11.6,1.2,1.1,15.1,15.6,0.8,0.6,1.3,0.066,-1.2,-1.4,-2.7,-0.2
289,Anthony Gill,290,33,WAS,PF,55,8,951,6.7,10.7,0.628,0.8,2.4,0.354,5.9,8.3,0.707,0.667,1.7,2.3,0.739,2.9,5.0,7.9,3.4,1.5,1.0,1.8,4.4,16.0,8.6,0.423,0.312,0.042,0.0,0.223,0.737,1.0,0.354,13.4,0.682,0.223,0.214,6.4,11.5,8.9,10.0,1.5,1.9,13.3,11.9,1.6,0.1,1.7,0.087,-1.3,-1.3,-2.6,-0.2
290,Kasparas Jakučionis,291,19,MIA,PG,53,12,945,5.0,11.7,0.429,3.2,7.7,0.423,1.8,4.0,0.439,0.567,2.8,3.2,0.879,2.1,4.7,6.8,6.7,1.6,0.3,2.5,4.9,16.1,17.8,0.189,0.126,0.025,0.004,0.655,0.417,0.985,0.314,11.9,0.614,0.655,0.277,4.7,10.5,7.6,18.1,1.6,0.7,15.8,13.7,1.4,0.9,2.3,0.114,-1.0,0.6,-0.4,0.4
291,Jalen Williams,292,24,OKC,SG,33,33,936,11.2,23.0,0.484,1.2,4.0,0.299,10.0,19.1,0.523,0.51,5.6,6.7,0.837,1.4,6.5,7.9,9.4,2.0,0.5,3.3,3.4,29.1,10.2,0.294,0.26,0.213,0.061,0.173,0.358,0.739,0.169,19.0,0.56,0.173,0.289,3.3,13.9,8.8,29.3,2.0,0.9,11.1,26.2,1.3,1.7,3.0,0.156,1.1,1.0,2.1,1.0
292,Jordan Poole,293,26,NOP,PG,39,8,933,8.5,22.8,0.372,4.9,14.8,0.333,3.5,8.0,0.442,0.48,5.0,5.8,0.86,0.5,3.5,3.9,6.1,1.1,0.8,3.5,4.6,26.9,19.2,0.153,0.133,0.038,0.027,0.649,0.42,0.688,0.101,11.5,0.53,0.649,0.257,1.0,7.9,4.4,18.3,1.1,1.5,12.3,25.1,0.0,0.2,0.2,0.01,-0.9,-2.6,-3.5,-0.4
293,Clint Capela,294,31,HOU,C,75,3,926,6.4,12.2,0.52,0.1,0.1,0.5,6.3,12.1,0.52,0.522,2.4,4.2,0.577,8.6,10.0,18.6,2.7,1.9,3.4,2.2,4.0,15.2,3.1,0.63,0.344,0.013,0.004,0.009,0.624,1.0,0.5,17.9,0.54,0.009,0.344,19.4,21.8,20.6,7.1,1.9,6.3,13.6,13.7,1.3,1.7,3.0,0.156,-0.5,0.9,0.4,0.6
294,Ben Saraf,295,19,BRK,SG,44,11,916,6.5,16.4,0.396,1.0,4.9,0.211,5.5,11.5,0.474,0.427,3.9,4.8,0.83,1.1,3.9,5.0,7.8,2.1,0.4,5.3,4.4,17.9,10.6,0.333,0.304,0.053,0.013,0.297,0.366,0.789,0.189,7.8,0.486,0.297,0.29,2.4,9.7,5.8,24.5,2.1,0.8,22.5,21.0,-1.6,0.5,-1.1,-0.057,-5.6,-1.7,-7.3,-1.2
295,Micah Peavy,296,24,NOP,SG,61,4,913,5.6,14.4,0.385,1.5,5.7,0.259,4.1,8.8,0.467,0.436,1.2,1.5,0.759,2.4,3.7,6.1,3.2,2.3,0.5,1.0,5.0,13.7,12.6,0.313,0.2,0.073,0.022,0.393,0.59,1.0,0.444,8.3,0.455,0.393,0.105,5.4,8.5,6.9,8.8,2.3,0.9,6.5,14.0,-0.1,0.5,0.4,0.02,-4.4,-0.8,-5.2,-0.7
296,Karlo Matković,297,24,NOP,PF,62,2,912,7.4,12.3,0.604,2.0,4.7,0.422,5.5,7.6,0.717,0.685,1.6,2.2,0.732,3.8,8.2,12.0,2.6,1.3,2.8,1.8,5.5,18.5,10.8,0.447,0.157,0.013,0.0,0.383,0.731,0.974,0.522,16.5,0.696,0.383,0.174,8.4,18.8,13.5,7.7,1.3,5.6,11.8,13.1,1.8,0.9,2.7,0.141,0.2,0.4,0.7,0.6
297,Josh Green,298,25,CHO,SG,58,0,908,4.5,9.9,0.459,3.2,7.5,0.42,1.4,2.3,0.581,0.619,1.4,1.5,0.893,2.5,3.1,5.6,2.6,1.9,0.3,1.9,3.5,13.6,19.4,0.138,0.083,0.017,0.0,0.762,0.72,1.0,0.594,9.7,0.644,0.762,0.155,5.7,7.0,6.3,6.8,1.9,0.6,15.3,10.6,1.0,0.9,1.9,0.099,-1.7,1.0,-0.7,0.3
298,Micah Potter,299,27,IND,C,47,7,908,7.9,15.3,0.515,3.7,8.8,0.423,4.2,6.5,0.64,0.637,4.4,5.3,0.842,3.0,9.2,12.2,3.6,1.2,0.8,2.5,4.3,24.0,16.1,0.249,0.143,0.003,0.031,0.573,0.738,1.0,0.452,17.0,0.679,0.573,0.345,6.8,21.4,14.0,11.2,1.2,1.4,12.2,18.0,1.8,0.7,2.6,0.135,1.5,-0.8,0.7,0.6
299,Isaiah Jackson,300,24,2TM,C,55,14,908,8.0,12.6,0.637,0.0,0.2,0.0,8.0,12.4,0.645,0.637,3.6,5.6,0.648,6.0,9.4,15.4,2.8,1.9,2.6,3.1,7.8,19.6,3.2,0.629,0.321,0.025,0.013,0.013,0.616,0.0,0.667,17.3,0.653,0.013,0.443,13.6,21.8,17.7,8.5,1.9,4.8,17.0,16.2,1.4,1.2,2.6,0.139,-1.9,0.8,-1.2,0.2
300,Dylan Cardwell,301,24,SAC,C,44,1,907,5.6,9.5,0.587,0.1,0.2,0.5,5.5,9.3,0.589,0.592,1.4,2.7,0.51,7.8,9.9,17.7,3.3,1.6,3.6,2.1,8.6,12.7,4.8,0.441,0.453,0.078,0.011,0.022,0.718,1.0,0.75,15.8,0.591,0.022,0.285,17.6,23.5,20.5,9.2,1.6,6.8,16.2,11.3,1.4,0.9,2.3,0.122,-2.5,0.6,-1.9,0.0
301,Dwight Powell,302,34,DAL,C,63,12,904,3.4,5.3,0.644,0.1,0.4,0.286,3.3,4.9,0.67,0.653,4.1,5.8,0.696,5.0,8.4,13.4,3.5,1.8,1.1,2.1,6.9,11.0,3.8,0.683,0.238,0.0,0.01,0.069,0.81,1.0,0.714,12.6,0.699,0.069,1.109,11.3,18.7,15.1,9.5,1.8,2.0,21.4,8.9,1.6,1.0,2.6,0.138,-2.9,1.5,-1.4,0.1
302,Paul Reed,303,26,DET,C,65,11,901,11.2,18.2,0.617,0.7,2.1,0.325,10.5,16.0,0.656,0.636,3.9,5.9,0.664,7.0,8.8,15.8,4.3,3.1,3.2,3.1,6.4,27.1,6.9,0.413,0.369,0.071,0.029,0.118,0.724,0.923,0.3,24.2,0.65,0.118,0.324,16.5,20.1,18.3,13.3,3.1,6.6,13.0,20.6,2.4,2.1,4.5,0.239,2.4,2.9,5.3,1.6
303,Jaden Hardy,304,23,2TM,SG,57,4,898,9.6,22.6,0.424,5.5,13.8,0.397,4.1,8.8,0.467,0.545,2.9,3.9,0.733,0.8,3.7,4.5,3.1,0.8,0.3,3.3,4.7,27.5,18.4,0.107,0.145,0.1,0.037,0.611,0.385,0.827,0.309,10.9,0.566,0.611,0.175,1.8,8.5,5.1,9.7,0.8,0.6,11.8,24.4,-0.3,0.1,-0.2,-0.01,-1.5,-3.3,-4.8,-0.6
304,Quenton Jackson,305,27,IND,PG,49,19,897,8.2,17.4,0.47,2.2,6.3,0.356,5.9,11.1,0.533,0.534,5.2,6.3,0.824,1.5,4.6,6.0,7.4,1.6,0.3,3.3,4.3,23.7,12.6,0.329,0.213,0.04,0.058,0.36,0.563,0.952,0.212,14.4,0.589,0.36,0.363,3.3,10.7,6.9,23.1,1.6,0.6,14.0,20.9,0.9,0.5,1.4,0.076,-1.1,-0.8,-1.8,0.0
305,Jaylen Clark,306,24,MIN,SG,68,1,888,5.3,12.3,0.434,1.8,5.4,0.327,3.5,6.8,0.52,0.507,2.4,3.6,0.657,2.9,3.5,6.5,2.3,2.5,0.5,1.2,4.7,14.8,13.1,0.285,0.206,0.066,0.0,0.443,0.5,0.97,0.574,10.3,0.534,0.443,0.294,6.8,8.0,7.4,6.3,2.5,0.9,8.2,13.3,0.6,1.0,1.7,0.09,-3.2,0.7,-2.4,-0.1
306,Cam Thomas,307,24,2TM,SG,42,8,881,10.6,25.8,0.41,2.9,9.4,0.31,7.7,16.4,0.468,0.466,7.7,9.5,0.811,0.6,3.4,4.0,6.1,0.5,0.2,4.1,2.4,31.8,15.4,0.128,0.197,0.197,0.113,0.364,0.336,0.558,0.131,12.6,0.53,0.364,0.367,1.4,8.1,4.6,21.0,0.5,0.4,12.1,30.3,-0.5,0.1,-0.4,-0.024,-1.2,-3.9,-5.2,-0.7
307,Bryce McGowens,308,23,NOP,SG,42,13,880,6.2,12.9,0.481,2.1,5.1,0.409,4.1,7.8,0.528,0.561,4.0,5.2,0.779,0.7,4.1,4.8,3.4,1.5,0.4,0.9,4.8,18.5,12.6,0.266,0.257,0.072,0.013,0.392,0.605,0.921,0.441,11.7,0.61,0.392,0.401,1.5,9.4,5.4,9.5,1.5,0.9,5.7,14.0,1.4,0.3,1.7,0.094,-2.0,-0.9,-2.9,-0.2
308,Gabe Vincent,309,29,2TM,PG,53,7,879,4.2,11.9,0.352,3.2,9.5,0.341,0.9,2.4,0.395,0.488,1.1,1.3,0.87,0.9,2.0,3.0,4.2,1.5,0.2,1.5,4.3,12.7,22.0,0.051,0.065,0.06,0.023,0.801,0.353,0.847,0.26,6.5,0.511,0.801,0.106,2.2,4.7,3.5,10.8,1.5,0.3,10.7,12.3,0.1,0.5,0.6,0.035,-3.8,-0.5,-4.3,-0.5
309,Jonas Valančiūnas,310,33,DEN,C,65,6,871,12.7,21.9,0.582,0.4,1.5,0.308,12.3,20.4,0.602,0.592,5.9,7.6,0.772,5.9,12.6,18.4,4.4,0.8,2.1,4.1,7.5,31.8,7.3,0.333,0.387,0.169,0.044,0.067,0.562,0.875,0.038,22.0,0.63,0.067,0.349,14.2,27.5,21.2,14.1,0.8,4.0,14.0,26.1,1.8,1.1,2.9,0.162,0.5,-0.5,0.0,0.4
310,Jevon Carter,311,30,2TM,PG,53,1,867,6.8,16.9,0.401,4.3,11.8,0.363,2.5,5.1,0.489,0.528,0.8,1.0,0.789,0.8,4.1,4.9,4.8,2.2,0.5,2.0,3.1,18.6,21.0,0.072,0.052,0.081,0.094,0.7,0.489,0.808,0.302,10.7,0.537,0.7,0.062,1.8,9.6,5.6,14.0,2.2,1.0,10.2,17.0,0.1,0.8,0.9,0.052,-1.4,0.4,-1.1,0.2
311,Trendon Watford,312,25,PHI,PF,53,7,864,7.7,15.0,0.515,0.6,2.8,0.2,7.2,12.2,0.587,0.534,3.4,4.3,0.779,2.1,7.7,9.8,7.4,0.9,1.2,3.6,6.0,19.3,8.6,0.317,0.425,0.06,0.011,0.187,0.523,1.0,0.2,13.1,0.573,0.187,0.287,4.7,17.5,11.0,21.8,0.9,2.4,17.5,17.9,0.6,0.8,1.4,0.078,-2.2,0.2,-1.9,0.0
312,Julian Strawther,313,23,DEN,SG,57,14,861,8.4,18.1,0.467,3.3,8.5,0.387,5.2,9.6,0.538,0.558,3.2,4.0,0.814,0.7,5.8,6.5,3.5,1.4,0.3,2.0,4.1,23.4,15.3,0.154,0.241,0.129,0.006,0.47,0.637,0.948,0.287,12.5,0.59,0.47,0.219,1.6,12.7,7.4,9.8,1.4,0.7,9.3,19.4,0.7,0.6,1.3,0.071,-1.2,-1.1,-2.3,-0.1
313,Jalen Wilson,314,25,BRK,PF,54,2,859,6.3,16.0,0.396,3.1,8.8,0.355,3.2,7.3,0.444,0.493,4.0,5.5,0.719,1.0,5.6,6.6,2.9,1.3,0.1,2.2,4.9,19.7,16.3,0.162,0.237,0.05,0.004,0.547,0.518,0.981,0.263,8.7,0.536,0.547,0.345,2.2,13.9,7.7,9.0,1.3,0.2,10.6,18.2,-0.2,0.4,0.2,0.012,-3.6,-2.1,-5.6,-0.8
314,Caleb Martin,315,30,DAL,SF,58,12,856,4.7,10.4,0.45,1.1,3.1,0.351,3.6,7.3,0.492,0.503,2.0,3.4,0.607,1.5,6.3,7.9,4.5,2.2,0.8,2.2,4.7,12.5,12.2,0.312,0.18,0.085,0.122,0.302,0.554,1.0,0.649,9.3,0.526,0.302,0.323,3.5,14.1,8.8,12.4,2.2,1.5,15.6,12.5,-0.1,0.9,0.9,0.048,-4.0,1.7,-2.2,0.0
315,Kenrich Williams,316,31,OKC,PF,56,2,855,7.9,16.7,0.473,2.8,7.3,0.388,5.1,9.4,0.539,0.557,1.9,2.9,0.635,3.3,7.2,10.6,4.5,1.8,0.3,2.4,3.3,20.5,14.8,0.264,0.155,0.064,0.081,0.436,0.522,0.92,0.225,14.2,0.569,0.436,0.176,7.8,15.6,11.9,12.7,1.8,0.6,11.9,18.3,0.8,1.5,2.3,0.13,-0.1,0.3,0.2,0.5
316,Kyle Anderson,317,32,3TM,SF,43,5,853,5.9,11.2,0.53,0.2,0.6,0.364,5.7,10.6,0.539,0.54,2.7,3.8,0.706,2.3,6.0,8.3,7.0,2.5,1.4,2.2,5.3,14.8,7.7,0.243,0.559,0.124,0.02,0.054,0.437,1.0,0.727,13.7,0.573,0.054,0.337,5.4,13.8,9.6,19.4,2.5,2.8,14.4,13.2,1.0,0.8,1.9,0.105,-1.3,1.7,0.4,0.5
317,Daeqwon Plowden,318,27,SAC,SG,32,7,844,6.9,16.0,0.43,3.6,10.7,0.333,3.3,5.3,0.624,0.541,2.4,2.8,0.857,1.9,3.7,5.6,2.3,1.3,0.4,1.5,4.5,19.7,18.5,0.136,0.172,0.025,0.0,0.667,0.741,0.952,0.247,10.7,0.572,0.667,0.176,4.2,8.7,6.4,6.7,1.3,0.8,8.0,16.4,0.7,0.1,0.8,0.043,-2.1,-2.3,-4.4,-0.5
318,Josh Minott,319,23,2TM,PF,49,11,834,7.6,15.2,0.5,3.9,9.2,0.418,3.7,6.0,0.626,0.627,2.9,3.7,0.787,2.9,6.6,9.5,2.8,2.6,1.4,2.6,4.4,21.9,17.1,0.214,0.151,0.02,0.008,0.607,0.629,0.953,0.261,16.0,0.653,0.607,0.242,6.4,14.8,10.6,7.9,2.6,2.8,13.4,16.8,1.2,1.2,2.4,0.139,1.4,1.1,2.5,1.0
319,Javon Small,320,23,MEM,PG,41,12,830,7.6,16.4,0.465,3.4,8.1,0.423,4.2,8.3,0.507,0.569,3.9,4.7,0.829,2.1,5.3,7.3,8.6,1.9,0.5,3.2,3.7,22.6,16.2,0.177,0.212,0.066,0.052,0.493,0.365,0.5,0.07,16.1,0.611,0.493,0.285,4.6,12.2,8.3,26.1,1.9,1.0,14.7,19.0,1.4,0.5,1.9,0.112,1.7,-0.6,1.0,0.6
320,Jonathan Kuminga,321,23,2TM,PF,36,14,830,9.1,19.6,0.463,2.0,6.1,0.333,7.0,13.5,0.521,0.515,5.1,7.1,0.724,2.8,8.8,11.7,4.8,1.3,0.6,3.9,3.2,25.3,12.0,0.271,0.26,0.13,0.029,0.31,0.459,0.914,0.4,14.2,0.557,0.31,0.363,6.4,20.7,13.4,14.7,1.3,1.2,14.6,23.4,0.1,0.9,1.0,0.059,-1.5,-0.5,-2.0,0.0
321,Jalen Green,322,23,PHO,SG,32,27,828,12.9,30.5,0.422,4.2,13.5,0.313,8.7,17.0,0.509,0.491,3.9,5.2,0.747,1.0,6.0,6.9,5.4,2.0,0.5,4.3,2.5,33.9,15.8,0.223,0.131,0.078,0.125,0.443,0.331,0.606,0.198,14.8,0.516,0.443,0.17,2.1,13.9,7.8,18.6,2.0,0.9,11.6,31.9,-0.6,1.0,0.3,0.019,-0.2,-0.9,-1.1,0.2
322,Vince Williams Jr.,323,25,2TM,SG,40,12,820,5.9,16.9,0.353,3.2,10.2,0.311,2.8,6.6,0.417,0.447,2.3,2.9,0.78,2.3,6.7,8.9,9.6,1.7,0.9,4.0,4.6,17.3,18.4,0.11,0.164,0.099,0.021,0.606,0.375,0.873,0.186,10.7,0.478,0.606,0.171,5.1,15.6,10.2,27.5,1.7,1.8,18.2,19.5,-0.4,0.5,0.1,0.008,-1.5,0.5,-1.0,0.2
323,Buddy Hield,324,33,2TM,SG,51,3,819,8.4,19.3,0.437,4.4,12.5,0.349,4.1,6.8,0.6,0.55,1.8,2.2,0.811,1.6,5.3,6.9,4.2,2.3,0.5,2.8,3.4,23.0,19.4,0.159,0.11,0.037,0.046,0.648,0.609,0.919,0.222,12.8,0.568,0.648,0.113,3.6,12.3,7.9,12.8,2.3,1.0,12.3,20.3,0.2,0.8,1.0,0.06,-0.9,-0.1,-1.0,0.2
324,Carter Bryant,325,20,SAS,PF,71,0,818,6.3,15.6,0.408,3.1,9.1,0.335,3.3,6.5,0.509,0.506,1.8,2.5,0.714,2.2,8.2,10.5,2.8,0.9,1.4,1.9,5.5,17.5,16.0,0.279,0.079,0.049,0.008,0.585,0.661,0.981,0.465,9.9,0.526,0.585,0.158,5.1,17.9,11.7,7.5,0.9,2.5,10.4,16.3,0.1,1.2,1.3,0.076,-3.1,0.2,-3.0,-0.2
325,Nikola Jović,326,22,MIA,PF,47,1,808,6.6,18.0,0.366,2.6,9.6,0.269,4.0,8.4,0.476,0.438,4.0,5.8,0.683,1.4,7.4,8.8,5.9,1.5,1.0,3.7,3.7,19.8,15.7,0.191,0.232,0.025,0.019,0.532,0.686,0.933,0.269,9.5,0.48,0.532,0.322,3.2,16.5,9.8,16.5,1.5,1.9,15.4,21.4,-0.9,1.0,0.0,0.001,-3.5,-0.1,-3.5,-0.3
326,Jalen Pickett,327,26,DEN,SG,50,18,807,5.9,14.0,0.422,3.0,7.7,0.386,3.0,6.3,0.467,0.528,0.9,1.1,0.789,1.1,5.8,6.9,7.0,0.8,0.3,2.1,2.5,15.7,18.2,0.103,0.155,0.103,0.091,0.547,0.49,0.776,0.22,10.3,0.541,0.547,0.082,2.6,12.7,7.9,18.4,0.8,0.6,12.4,14.8,0.6,0.4,1.0,0.059,-1.1,-1.1,-2.3,-0.1
327,Keegan Murray,328,25,SAC,PF,23,22,793,7.7,18.3,0.42,1.9,6.8,0.277,5.8,11.5,0.505,0.472,2.3,3.0,0.776,2.0,6.0,8.1,2.3,1.5,2.2,1.6,2.6,19.6,15.9,0.083,0.24,0.223,0.08,0.373,0.537,0.935,0.161,11.7,0.499,0.373,0.163,4.5,14.4,9.3,6.8,1.5,4.2,7.7,18.7,-0.2,0.4,0.2,0.011,-2.0,-1.0,-3.1,-0.2
328,Aaron Holiday,329,29,HOU,PG,57,1,781,6.7,16.1,0.417,4.3,10.9,0.394,2.4,5.2,0.463,0.55,2.2,2.6,0.854,0.8,2.9,3.7,3.8,1.7,0.3,2.4,4.6,20.0,20.0,0.067,0.139,0.083,0.036,0.675,0.237,0.94,0.3,10.1,0.578,0.675,0.163,1.9,6.3,4.1,10.2,1.7,0.6,12.3,16.6,0.7,0.7,1.4,0.088,-2.2,-0.2,-2.4,-0.1
329,Tyrese Martin,330,26,2TM,SG,46,6,777,6.9,17.6,0.394,3.4,10.5,0.321,3.6,7.1,0.5,0.489,1.2,1.8,0.679,2.2,5.2,7.4,5.0,1.6,0.4,2.5,2.1,18.4,17.6,0.17,0.173,0.043,0.018,0.596,0.482,0.887,0.2,10.3,0.501,0.596,0.101,4.8,12.9,8.6,15.6,1.6,0.7,12.1,18.4,-0.3,0.4,0.1,0.006,-2.0,-1.4,-3.4,-0.3
330,Kristaps Porziņģis,331,30,2TM,C,32,23,769,10.8,24.1,0.446,3.4,9.9,0.338,7.4,14.2,0.522,0.515,8.3,9.8,0.842,2.5,7.9,10.4,5.0,1.1,2.4,2.5,5.7,33.1,16.2,0.16,0.198,0.124,0.106,0.412,0.563,0.981,0.106,19.6,0.582,0.412,0.407,5.6,18.5,11.9,16.1,1.1,4.5,8.2,27.3,1.4,1.0,2.4,0.148,1.6,0.3,1.9,0.8
331,Jabari Walker,332,23,PHI,PF,64,6,762,6.1,13.5,0.455,2.0,6.0,0.337,4.1,7.5,0.551,0.531,3.2,4.3,0.735,4.6,7.6,12.2,2.2,1.5,0.8,1.7,6.5,17.5,12.5,0.39,0.131,0.019,0.014,0.446,0.508,1.0,0.516,12.5,0.568,0.446,0.319,10.2,17.4,13.7,6.1,1.5,1.6,10.0,15.0,0.9,0.8,1.7,0.106,-2.1,-0.6,-2.7,-0.1
332,Noah Penda,333,21,ORL,SF,59,2,757,5.2,12.9,0.404,1.9,5.9,0.323,3.3,7.0,0.473,0.478,2.1,3.0,0.688,4.3,7.6,11.9,4.4,1.9,1.1,2.7,4.4,14.4,13.9,0.241,0.256,0.025,0.02,0.458,0.442,0.933,0.376,11.3,0.506,0.458,0.236,9.8,17.9,13.8,12.5,1.9,2.2,15.8,14.8,0.1,1.0,1.1,0.07,-2.0,0.6,-1.5,0.1
333,Scoot Henderson,334,21,POR,PG,30,10,748,9.1,21.8,0.418,3.6,10.3,0.352,5.5,11.5,0.478,0.501,5.4,6.4,0.84,1.1,4.0,5.1,7.2,1.7,0.6,4.7,5.4,27.3,15.8,0.205,0.184,0.073,0.064,0.474,0.384,0.772,0.185,12.9,0.553,0.474,0.292,2.6,9.1,5.8,22.8,1.7,1.1,15.9,25.0,0.3,0.7,1.0,0.064,-1.7,-0.5,-2.2,0.0
334,Pete Nance,335,25,MIL,PF,47,6,737,6.7,12.9,0.515,3.3,7.9,0.42,3.3,5.0,0.667,0.644,0.3,0.7,0.364,1.8,6.5,8.3,3.2,0.9,0.9,1.7,4.1,16.9,17.1,0.211,0.155,0.015,0.005,0.613,0.72,0.98,0.319,11.6,0.639,0.613,0.057,4.2,14.9,9.6,9.2,0.9,1.9,11.6,13.5,0.8,0.4,1.1,0.072,-1.0,-1.2,-2.3,-0.1
335,Thomas Bryant,336,28,CLE,C,60,1,732,8.9,17.5,0.506,3.1,8.6,0.359,5.8,8.9,0.647,0.594,3.5,4.3,0.803,3.9,9.6,13.5,2.2,1.2,1.7,1.8,4.9,24.3,14.3,0.311,0.15,0.034,0.015,0.491,0.807,1.0,0.214,17.2,0.625,0.491,0.247,8.9,21.9,15.4,6.3,1.2,3.4,8.6,18.6,1.4,0.9,2.3,0.153,0.8,-0.7,0.1,0.4
336,Steven Adams,337,32,HOU,C,32,11,730,4.8,9.5,0.504,0.0,0.0,0.0,4.8,9.5,0.504,0.504,3.2,5.5,0.58,9.9,9.0,18.9,3.3,1.5,1.4,2.4,3.8,12.8,2.6,0.655,0.309,0.036,0.0,0.0,0.514,0.0,0.0,15.8,0.535,0.0,0.583,22.3,19.6,21.0,8.3,1.5,2.5,16.7,12.1,1.1,1.0,2.1,0.141,-0.1,-0.3,-0.5,0.3
337,Lonzo Ball,338,28,CLE,PG,35,3,728,3.5,11.6,0.301,2.6,9.7,0.272,0.9,1.9,0.448,0.415,0.9,1.4,0.667,1.7,7.5,9.2,9.0,3.0,0.6,3.4,3.0,10.6,22.5,0.097,0.023,0.023,0.023,0.835,0.538,0.85,0.197,9.5,0.432,0.835,0.119,3.9,17.2,10.6,22.6,3.0,1.2,21.9,13.7,-0.4,1.0,0.6,0.042,-2.9,1.8,-1.1,0.2
338,Tyler Kolek,339,24,NYK,PG,62,1,727,7.4,16.9,0.435,3.0,7.8,0.386,4.4,9.1,0.478,0.524,1.0,1.4,0.7,1.1,5.6,6.7,11.6,1.5,0.3,3.8,4.4,18.7,15.6,0.173,0.218,0.133,0.016,0.46,0.344,0.727,0.14,12.5,0.533,0.46,0.081,2.5,12.7,7.5,31.7,1.5,0.6,17.6,18.4,0.6,0.8,1.4,0.093,-0.8,0.2,-0.6,0.3
339,Leonard Miller,340,22,2TM,SF,46,12,719,9.5,17.1,0.553,2.1,6.5,0.323,7.4,10.6,0.693,0.615,2.5,3.5,0.736,3.5,8.3,11.8,2.6,1.1,1.0,2.4,4.2,23.6,10.8,0.466,0.134,0.019,0.004,0.378,0.69,0.969,0.465,15.9,0.633,0.378,0.202,8.1,18.6,13.4,8.2,1.1,1.8,11.2,18.7,1.0,0.6,1.6,0.105,-0.2,-1.1,-1.3,0.1
340,Grant Williams,341,27,CHO,PF,36,3,711,5.4,12.8,0.426,3.6,9.3,0.388,1.8,3.4,0.531,0.568,3.1,3.8,0.815,3.2,6.7,9.9,3.9,1.2,1.3,2.2,3.9,17.6,20.4,0.06,0.115,0.071,0.022,0.732,0.731,0.942,0.351,12.9,0.609,0.732,0.295,7.4,15.0,11.3,10.6,1.2,2.3,13.0,14.1,1.1,0.8,1.9,0.131,0.6,1.0,1.6,0.7
341,Nick Richards,342,28,2TM,C,48,6,701,7.0,13.7,0.512,0.3,1.2,0.278,6.7,12.5,0.536,0.525,4.4,6.9,0.644,5.2,11.3,16.5,1.1,0.7,2.2,4.0,6.0,18.8,5.6,0.488,0.338,0.065,0.02,0.09,0.724,1.0,0.667,11.9,0.562,0.09,0.502,11.8,25.6,18.7,3.2,0.7,4.1,19.4,18.2,-0.2,0.8,0.6,0.04,-4.9,-1.2,-6.1,-0.7
342,Sharife Cooper,343,24,WAS,PG,41,1,700,8.6,16.7,0.514,2.0,5.1,0.382,6.6,11.6,0.573,0.573,3.4,4.1,0.833,1.2,4.6,5.8,8.4,1.1,0.3,4.1,4.1,22.5,12.2,0.312,0.178,0.138,0.065,0.308,0.245,0.69,0.382,13.8,0.609,0.308,0.243,2.7,10.6,6.6,25.8,1.1,0.6,18.2,20.0,0.7,-0.1,0.6,0.041,-1.0,-2.9,-3.9,-0.3
343,Devin Carter,344,23,SAC,PG,38,12,700,8.4,20.2,0.414,2.1,7.9,0.263,6.3,12.3,0.511,0.466,4.6,6.5,0.713,2.5,6.2,8.6,7.0,2.3,0.6,3.7,3.5,23.4,13.6,0.205,0.329,0.062,0.014,0.39,0.33,0.667,0.096,13.8,0.508,0.39,0.322,5.6,14.6,10.0,20.9,2.3,1.2,13.9,23.5,-0.2,0.4,0.2,0.012,-1.5,-1.2,-2.6,-0.1
344,Jett Howard,345,22,ORL,SF,55,0,695,7.3,17.3,0.418,3.7,10.0,0.372,3.5,7.3,0.481,0.526,2.6,2.7,0.949,1.6,4.4,6.0,3.1,0.7,0.8,1.0,4.6,20.8,17.0,0.167,0.187,0.04,0.028,0.578,0.667,0.926,0.297,11.2,0.561,0.578,0.155,3.7,10.4,7.0,9.3,0.7,1.4,5.3,17.2,0.7,0.5,1.3,0.087,-0.8,-1.1,-1.8,0.0
345,Jordan Hawkins,346,23,NOP,SG,51,1,692,6.5,17.8,0.366,3.2,9.3,0.348,3.2,8.4,0.385,0.457,1.6,1.9,0.852,1.4,4.7,6.1,2.9,0.9,0.7,2.4,2.1,17.8,18.9,0.105,0.066,0.109,0.195,0.525,0.596,0.894,0.193,7.6,0.48,0.525,0.105,3.1,10.7,6.9,8.2,0.9,1.4,11.2,18.2,-0.6,0.2,-0.4,-0.029,-3.2,-3.0,-6.2,-0.7
346,Rasheer Fleming,347,21,PHO,PF,55,1,673,6.4,15.8,0.405,3.3,9.5,0.346,3.1,6.2,0.494,0.509,1.4,2.5,0.559,4.2,4.9,9.1,1.2,1.6,1.5,2.1,4.7,17.5,16.1,0.279,0.074,0.023,0.019,0.605,0.738,1.0,0.546,10.2,0.517,0.605,0.158,9.1,11.4,10.2,3.3,1.6,3.0,11.2,16.3,0.0,0.8,0.8,0.055,-3.0,-0.7,-3.8,-0.3
347,Jahmai Mashack,348,23,MEM,SG,31,7,673,5.4,13.7,0.395,1.3,5.3,0.253,4.1,8.4,0.483,0.444,1.3,2.5,0.543,1.6,4.1,5.7,4.9,2.6,1.0,3.4,4.7,13.5,12.6,0.287,0.272,0.041,0.015,0.385,0.655,0.895,0.213,7.0,0.456,0.385,0.179,3.6,9.5,6.5,13.8,2.6,1.9,18.9,16.0,-1.0,0.5,-0.5,-0.036,-6.1,-0.9,-7.0,-0.8
348,Tristan Vukcevic,349,22,WAS,C,49,12,671,10.7,22.4,0.479,3.5,10.2,0.347,7.2,12.2,0.59,0.558,6.1,7.8,0.784,2.3,8.1,10.4,3.9,1.6,2.3,4.4,5.8,31.1,16.2,0.17,0.17,0.142,0.063,0.454,0.745,0.88,0.056,17.8,0.603,0.454,0.35,5.0,18.7,11.8,12.8,1.6,4.3,14.5,26.6,0.4,0.4,0.8,0.054,0.8,-0.8,0.0,0.3
349,Jaden Ivey,350,23,2TM,SG,37,5,670,8.2,18.4,0.445,3.6,9.6,0.373,4.6,8.8,0.525,0.543,2.7,3.4,0.809,1.7,4.8,6.5,4.9,1.7,1.0,2.9,3.8,22.7,17.6,0.145,0.191,0.09,0.051,0.523,0.578,0.88,0.164,13.0,0.571,0.523,0.184,4.0,10.9,7.5,14.0,1.6,2.0,12.9,19.7,0.5,0.9,1.3,0.096,-0.2,0.2,0.0,0.3
350,Tre Mann,351,24,CHO,PG,53,1,669,8.1,22.5,0.36,3.7,11.5,0.323,4.4,11.0,0.399,0.442,1.7,2.0,0.852,1.5,5.3,6.8,6.4,1.9,0.4,4.0,5.1,21.6,17.7,0.122,0.172,0.135,0.059,0.512,0.322,0.66,0.187,8.3,0.462,0.512,0.089,3.4,11.9,7.8,18.7,1.9,0.7,14.6,23.3,-0.8,0.7,0.0,-0.003,-4.5,-0.8,-5.3,-0.5
351,Gary Harris,352,31,MIL,SG,48,2,661,3.4,7.7,0.442,2.1,5.1,0.412,1.3,2.7,0.5,0.577,0.6,0.7,0.889,1.2,3.3,4.5,3.8,2.0,0.7,1.4,3.9,9.5,18.4,0.106,0.144,0.067,0.029,0.654,0.611,1.0,0.544,8.0,0.593,0.654,0.087,2.8,7.6,5.2,9.9,2.0,1.4,15.0,8.5,0.4,0.3,0.7,0.054,-3.2,0.7,-2.5,-0.1
352,Ethan Thompson,353,26,IND,SG,32,13,653,5.4,14.3,0.378,2.8,8.4,0.328,2.6,5.8,0.45,0.474,2.7,3.4,0.787,1.2,3.8,5.0,4.1,1.5,0.7,1.8,5.0,16.2,17.7,0.133,0.143,0.107,0.026,0.592,0.694,0.947,0.388,8.3,0.515,0.592,0.24,2.8,8.9,5.7,11.9,1.5,1.2,10.3,15.7,0.0,0.3,0.3,0.02,-4.1,-0.8,-4.9,-0.5
353,Jamaree Bouyea,354,26,PHO,PG,46,1,644,8.3,18.1,0.458,1.8,6.0,0.295,6.5,12.1,0.538,0.506,1.8,2.7,0.686,1.4,4.9,6.3,6.3,2.2,1.2,2.3,2.9,20.2,13.9,0.191,0.246,0.106,0.127,0.331,0.447,0.609,0.205,13.5,0.523,0.331,0.148,3.0,11.4,7.1,18.6,2.2,2.4,10.7,18.5,0.4,0.8,1.1,0.086,-1.4,1.1,-0.4,0.3
354,Johnny Furphy,355,21,IND,SG,35,21,643,5.2,11.0,0.47,1.7,5.2,0.324,3.5,5.8,0.603,0.547,1.3,2.6,0.486,2.4,8.9,11.3,3.0,1.5,0.5,2.1,4.8,13.3,13.6,0.302,0.208,0.0,0.013,0.477,0.766,0.957,0.408,9.2,0.547,0.477,0.235,5.3,20.9,12.9,8.6,1.5,0.9,15.0,12.8,0.0,0.5,0.5,0.036,-3.9,0.2,-3.7,-0.3
355,Mohamed Diawara,356,20,NYK,SF,69,7,634,7.0,16.7,0.423,3.8,10.2,0.369,3.3,6.5,0.506,0.535,1.4,1.9,0.75,1.2,6.2,7.4,4.1,1.3,0.5,2.3,3.9,19.2,17.9,0.197,0.103,0.042,0.047,0.61,0.619,0.979,0.254,10.3,0.55,0.61,0.113,2.6,14.0,8.3,11.2,1.3,1.0,11.8,17.1,0.2,0.7,0.9,0.072,-1.8,0.1,-1.7,0.0
356,Zeke Nnaji,357,25,DEN,PF,52,4,626,5.5,11.8,0.47,1.1,4.2,0.259,4.4,7.6,0.588,0.517,2.7,3.4,0.773,2.6,8.0,10.6,2.3,1.3,1.9,2.1,5.5,14.8,11.6,0.43,0.139,0.02,0.053,0.358,0.789,1.0,0.333,10.3,0.558,0.358,0.291,6.2,17.6,12.2,5.9,1.3,3.6,13.7,13.7,0.2,0.7,0.9,0.066,-3.6,0.0,-3.5,-0.3
357,Anthony Davis,358,32,DAL,PF,20,20,626,12.7,25.2,0.506,0.8,2.8,0.27,12.0,22.4,0.535,0.521,4.4,6.1,0.728,4.7,12.0,16.7,4.2,1.7,2.5,3.1,3.2,30.7,9.2,0.332,0.278,0.156,0.123,0.111,0.56,0.9,0.135,21.5,0.551,0.111,0.243,10.6,26.7,18.7,15.1,1.7,4.5,10.0,27.5,0.4,1.0,1.3,0.103,1.5,0.9,2.4,0.7
358,Dorian Finney-Smith,359,32,HOU,PF,37,1,620,3.5,10.6,0.333,2.2,8.1,0.27,1.4,2.6,0.531,0.436,0.6,0.7,0.889,2.8,4.7,7.5,2.9,1.3,0.5,1.8,4.9,9.9,19.6,0.182,0.053,0.008,0.0,0.758,0.588,0.926,0.39,5.8,0.452,0.758,0.068,6.3,10.2,8.3,7.1,1.3,0.9,13.9,10.7,0.0,0.6,0.5,0.042,-4.3,-0.1,-4.3,-0.4
359,Kam Jones,360,23,IND,SG,37,7,616,5.2,13.0,0.402,1.7,5.8,0.293,3.5,7.3,0.489,0.467,0.3,0.6,0.5,1.2,3.5,4.6,9.2,1.4,0.0,2.8,3.0,12.5,14.6,0.154,0.337,0.047,0.018,0.444,0.391,0.818,0.24,8.2,0.47,0.444,0.047,2.6,8.1,5.3,26.2,1.4,0.0,17.3,14.4,-0.2,0.2,0.0,0.002,-4.2,-1.9,-6.2,-0.6
360,Kevin Love,361,37,UTA,PF,37,5,613,6.0,15.2,0.397,4.1,10.9,0.373,2.0,4.4,0.456,0.53,2.8,3.4,0.841,4.2,12.2,16.5,5.1,1.1,0.7,2.3,4.1,19.0,19.5,0.151,0.085,0.035,0.015,0.714,0.654,1.0,0.169,14.7,0.568,0.714,0.221,9.5,28.9,18.9,14.6,1.1,1.4,12.1,16.6,0.8,0.3,1.1,0.088,1.1,-0.9,0.2,0.3
361,Taurean Prince,362,31,MIL,SF,26,7,611,6.9,15.4,0.45,4.9,11.3,0.436,2.0,4.1,0.49,0.61,0.5,0.5,1.0,0.3,6.2,6.5,3.7,1.3,0.5,2.5,3.9,19.2,20.3,0.063,0.089,0.089,0.026,0.733,0.64,0.885,0.486,10.5,0.617,0.733,0.031,0.7,14.1,7.5,10.7,1.3,1.0,13.8,16.2,0.2,0.3,0.5,0.039,-1.3,-1.8,-3.1,-0.2
362,Jase Richardson,363,20,ORL,SG,54,0,587,7.3,15.4,0.473,2.3,6.5,0.354,5.0,8.9,0.56,0.548,2.7,3.8,0.717,1.7,3.4,5.2,4.7,1.6,0.2,2.0,4.3,19.6,14.1,0.191,0.277,0.085,0.027,0.42,0.574,0.929,0.329,11.5,0.574,0.42,0.245,4.0,8.1,6.0,14.2,1.6,0.3,10.7,16.8,0.5,0.5,1.0,0.082,-1.9,-0.7,-2.5,-0.1
363,Tidjane Salaün,364,20,CHO,PF,37,0,575,6.9,13.7,0.503,3.1,7.2,0.434,3.8,6.6,0.579,0.616,2.2,3.4,0.65,2.2,10.6,12.8,2.3,1.4,0.6,2.2,4.7,19.1,15.1,0.27,0.208,0.0,0.0,0.522,0.75,0.972,0.337,12.9,0.629,0.522,0.252,5.2,23.7,14.6,6.6,1.4,1.1,12.8,14.9,0.6,0.8,1.4,0.117,-1.2,0.4,-0.8,0.2
364,Ja Morant,365,26,MEM,PG,20,20,569,11.0,26.8,0.41,1.7,7.1,0.235,9.3,19.7,0.473,0.441,8.7,9.7,0.897,0.7,4.7,5.4,13.4,1.7,0.5,5.9,3.3,32.4,12.5,0.227,0.258,0.177,0.075,0.264,0.241,0.7,0.141,16.6,0.521,0.264,0.363,1.5,11.0,6.2,45.1,1.7,1.0,16.0,32.5,0.0,0.3,0.3,0.024,0.5,-2.0,-1.5,0.1
365,Domantas Sabonis,366,29,SAC,C,19,15,564,10.3,19.0,0.543,0.4,2.3,0.185,9.9,16.6,0.593,0.554,4.8,6.6,0.727,5.5,13.0,18.5,6.7,1.5,0.3,4.4,5.7,25.8,6.6,0.421,0.376,0.077,0.005,0.122,0.678,1.0,0.222,19.2,0.59,0.122,0.348,12.3,31.0,21.4,21.3,1.5,0.7,16.7,23.0,0.7,0.4,1.1,0.095,0.7,-0.2,0.6,0.4
366,Dalton Knecht,367,24,LAL,SF,54,1,553,7.7,16.9,0.455,3.4,9.8,0.342,4.3,7.1,0.613,0.555,1.4,1.9,0.727,1.2,5.4,6.6,1.9,1.0,1.0,2.0,4.0,20.1,17.9,0.157,0.12,0.115,0.026,0.581,0.694,0.947,0.252,10.2,0.568,0.581,0.115,3.1,12.5,8.0,5.3,1.0,1.8,10.3,17.7,0.1,0.4,0.4,0.038,-2.1,-1.6,-3.6,-0.2
367,Drew Eubanks,368,28,SAC,C,42,11,552,8.1,13.7,0.596,0.1,0.6,0.143,8.1,13.1,0.617,0.599,2.8,5.0,0.561,3.4,7.7,11.1,1.7,1.3,2.3,2.6,5.0,19.2,6.4,0.314,0.494,0.135,0.013,0.045,0.826,1.0,0.714,13.6,0.605,0.045,0.365,7.7,18.3,12.9,5.0,1.3,4.3,14.2,16.3,0.3,0.3,0.6,0.053,-3.0,-0.7,-3.7,-0.2
368,Dalen Terry,369,23,2TM,SG,48,0,551,5.8,13.3,0.439,2.1,5.7,0.364,3.8,7.6,0.494,0.516,1.4,2.6,0.533,2.2,5.1,7.4,5.7,2.5,1.3,2.2,4.2,15.1,12.7,0.335,0.187,0.026,0.026,0.426,0.477,0.958,0.485,11.6,0.523,0.426,0.194,5.1,11.6,8.3,16.0,2.5,2.4,13.4,14.8,0.2,0.6,0.7,0.063,-2.4,0.8,-1.7,0.0
369,Tyrese Proctor,370,21,CLE,PG,50,1,545,8.2,19.8,0.413,4.1,11.6,0.351,4.1,8.3,0.5,0.516,3.5,4.0,0.889,1.0,4.7,5.6,6.5,2.2,0.0,3.5,5.2,24.0,17.8,0.169,0.138,0.062,0.049,0.582,0.404,0.696,0.16,12.2,0.556,0.582,0.2,2.2,10.7,6.5,18.6,2.2,0.0,14.0,22.0,0.2,0.5,0.7,0.066,-2.3,-0.5,-2.8,-0.1
370,Elijah Harkless,371,25,UTA,SG,26,9,545,4.6,13.9,0.335,1.8,7.6,0.239,2.8,6.3,0.452,0.401,4.2,5.5,0.766,0.9,3.7,4.6,6.5,2.7,0.5,2.2,4.5,15.3,16.3,0.186,0.168,0.062,0.037,0.547,0.424,0.952,0.33,9.1,0.471,0.547,0.398,1.9,8.7,5.3,17.6,2.7,1.1,12.1,16.2,-0.1,0.2,0.1,0.005,-4.9,-0.7,-5.6,-0.5
371,Terrence Shannon Jr.,372,25,MIN,SG,43,2,538,6.8,15.2,0.45,2.8,6.7,0.408,4.1,8.4,0.484,0.541,5.0,6.2,0.8,0.9,3.5,4.3,3.4,1.2,0.1,2.1,4.4,21.4,13.7,0.345,0.14,0.035,0.035,0.444,0.457,0.677,0.382,11.1,0.597,0.444,0.409,2.1,7.8,5.0,9.5,1.2,0.2,10.6,17.7,0.6,0.4,1.0,0.09,-2.5,-1.1,-3.6,-0.2
372,Keaton Wallace,373,26,ATL,PG,53,3,536,6.0,15.1,0.398,3.3,9.0,0.373,2.6,6.1,0.435,0.509,1.1,1.6,0.667,0.3,4.7,4.9,8.3,2.1,0.4,2.5,4.2,16.4,19.8,0.041,0.123,0.175,0.064,0.596,0.4,0.895,0.078,10.4,0.52,0.596,0.105,0.6,10.9,5.7,22.5,2.1,0.8,13.5,16.1,0.1,0.6,0.7,0.066,-3.0,0.3,-2.7,-0.1
373,Moussa Cisse,374,23,DAL,C,38,1,530,5.9,10.2,0.574,0.0,0.0,0.0,5.9,10.2,0.574,0.574,3.4,7.2,0.469,7.9,11.3,19.2,0.8,1.7,4.0,2.7,6.5,15.1,1.8,0.791,0.209,0.0,0.0,0.0,0.682,0.0,0.0,16.0,0.564,0.0,0.704,17.9,25.2,21.6,2.3,1.7,7.2,16.6,14.3,0.4,0.9,1.3,0.116,-3.6,0.7,-2.9,-0.1
374,Cole Anthony,375,25,MIL,PG,35,0,527,9.1,21.6,0.424,2.1,6.7,0.306,7.1,14.8,0.478,0.472,1.5,2.4,0.615,1.5,6.6,8.1,11.3,1.9,1.0,6.1,6.8,21.8,14.0,0.143,0.268,0.199,0.078,0.312,0.211,0.727,0.236,10.7,0.483,0.312,0.113,3.5,15.1,9.3,34.8,1.9,2.1,21.1,25.8,-0.9,0.4,-0.5,-0.042,-3.9,-0.9,-4.7,-0.4
375,Jayson Tatum,376,27,BOS,PF,16,16,522,11.4,27.8,0.411,4.6,13.9,0.329,6.9,14.0,0.493,0.493,6.3,7.7,0.823,0.8,14.7,15.5,8.2,2.1,0.3,3.8,2.5,33.7,16.8,0.171,0.167,0.098,0.066,0.498,0.239,0.532,0.07,20.3,0.541,0.498,0.275,1.7,31.3,16.8,25.1,2.1,0.6,10.8,30.0,0.6,1.0,1.6,0.148,2.9,1.8,4.8,0.9
376,Jonathan Isaac,377,28,ORL,PF,52,0,521,4.2,10.0,0.422,0.6,3.5,0.184,3.6,6.5,0.549,0.454,3.2,5.3,0.603,4.0,8.2,12.2,2.0,1.8,2.9,1.7,3.8,12.4,11.0,0.404,0.165,0.046,0.037,0.349,0.641,1.0,0.711,11.5,0.498,0.349,0.532,9.1,19.3,14.1,5.6,1.8,5.4,11.8,12.4,0.1,0.8,0.9,0.085,-2.9,1.3,-1.6,0.1
377,Jamison Battle,378,24,TOR,SF,61,2,517,7.0,13.7,0.51,3.3,8.0,0.412,3.7,5.7,0.65,0.631,0.8,1.3,0.643,1.9,6.5,8.4,2.3,0.7,0.3,1.8,4.0,18.1,17.3,0.228,0.103,0.048,0.034,0.586,0.846,1.0,0.318,10.6,0.635,0.586,0.097,4.4,15.3,9.8,6.3,0.7,0.6,11.2,14.1,0.4,0.5,0.9,0.086,-1.6,-1.0,-2.6,-0.1
378,Asa Newell,379,20,ATL,PF,44,2,500,8.6,16.0,0.538,2.7,7.1,0.387,5.9,8.9,0.66,0.624,1.5,2.7,0.552,4.2,4.9,9.1,2.5,1.5,1.4,2.2,6.1,21.4,12.1,0.402,0.154,0.0,0.0,0.444,0.677,1.0,0.6,14.2,0.624,0.444,0.172,9.4,11.5,10.4,7.2,1.5,2.7,11.2,17.1,0.6,0.6,1.2,0.113,-1.0,-0.5,-1.5,0.1
379,Ariel Hukporti,380,23,NYK,C,54,5,498,4.5,8.0,0.563,0.1,0.4,0.25,4.4,7.6,0.579,0.569,2.6,3.3,0.788,5.6,10.3,15.8,2.9,0.9,2.6,3.2,6.7,11.6,4.8,0.55,0.35,0.05,0.0,0.05,0.864,1.0,0.0,11.9,0.619,0.05,0.413,12.5,23.2,17.9,7.3,0.9,5.3,25.3,10.9,0.4,0.8,1.2,0.115,-3.7,1.4,-2.3,0.0
380,Trayce Jackson-Davis,381,25,2TM,C,53,1,496,6.9,12.1,0.573,0.1,0.1,1.0,6.8,12.0,0.569,0.577,3.7,7.2,0.514,6.5,7.7,14.2,3.8,1.7,2.3,2.2,4.4,17.7,2.3,0.71,0.282,0.0,0.0,0.008,0.714,1.0,0.0,16.6,0.578,0.008,0.597,14.7,18.1,16.4,11.1,1.7,4.5,12.3,15.3,0.8,0.7,1.4,0.138,-0.8,0.4,-0.4,0.2
381,D'Angelo Russell,382,29,DAL,PG,26,3,495,9.0,22.1,0.405,3.1,10.7,0.295,5.8,11.4,0.508,0.476,4.1,5.7,0.717,0.8,5.1,5.8,9.9,1.1,0.2,4.7,2.9,25.2,17.3,0.086,0.194,0.159,0.078,0.483,0.295,0.758,0.152,12.3,0.511,0.483,0.259,1.7,11.2,6.5,31.2,1.1,0.3,15.9,26.0,-0.3,0.3,0.0,-0.004,-0.7,-1.6,-2.3,0.0
382,Taelon Peter,383,23,IND,SG,38,0,492,5.8,15.3,0.38,4.0,12.1,0.328,1.8,3.2,0.576,0.509,1.0,1.5,0.625,1.0,4.7,5.7,3.9,2.5,0.4,2.6,3.7,16.5,21.6,0.152,0.032,0.0,0.025,0.791,0.737,0.927,0.24,8.6,0.518,0.791,0.101,2.2,11.1,6.5,11.2,2.5,0.7,14.1,16.6,-0.4,0.4,0.0,-0.001,-4.1,-0.4,-4.6,-0.3
383,Bez Mbeng,384,22,UTA,SG,15,5,492,4.8,9.5,0.5,0.6,3.0,0.194,4.2,6.6,0.638,0.53,1.5,2.4,0.64,1.7,3.7,5.4,5.9,3.2,0.5,2.1,4.4,11.6,10.3,0.32,0.34,0.03,0.0,0.31,0.705,0.833,0.355,10.5,0.55,0.31,0.25,3.9,8.8,6.3,16.2,3.2,1.0,16.5,11.1,0.2,0.2,0.5,0.047,-5.0,0.1,-4.9,-0.4
384,Amir Coffey,385,28,2TM,SG,46,3,490,5.5,11.4,0.487,1.7,4.9,0.347,3.8,6.4,0.594,0.562,2.2,2.8,0.786,1.9,3.8,5.7,2.7,0.9,0.5,0.9,3.0,15.0,15.3,0.177,0.177,0.133,0.08,0.434,0.553,1.0,0.49,10.2,0.594,0.434,0.248,4.2,8.8,6.5,7.5,0.9,1.0,6.7,11.9,0.6,0.2,0.8,0.083,-2.2,-0.9,-3.1,-0.1
385,Branden Carlson,386,26,OKC,C,42,4,488,9.7,18.4,0.527,3.1,8.5,0.36,6.6,9.9,0.67,0.61,1.5,2.6,0.577,2.9,9.4,12.3,2.9,0.8,2.7,1.6,3.6,24.0,13.4,0.349,0.167,0.011,0.011,0.462,0.836,1.0,0.174,17.7,0.613,0.462,0.14,6.7,20.3,13.8,8.6,0.8,5.4,7.5,18.9,0.8,1.0,1.7,0.171,0.5,0.3,0.8,0.4
386,Jamal Cain,387,26,ORL,SF,40,1,486,7.3,15.0,0.487,2.8,7.2,0.384,4.5,7.8,0.582,0.579,3.9,4.5,0.848,2.8,4.9,7.7,2.9,1.1,0.4,1.9,5.2,21.2,14.8,0.224,0.184,0.079,0.033,0.48,0.739,0.929,0.534,13.0,0.624,0.48,0.303,6.4,11.6,9.0,8.6,1.1,0.7,9.9,16.6,0.8,0.4,1.2,0.116,-0.4,-1.0,-1.4,0.1
387,Cam Christie,388,20,LAC,SG,55,0,480,5.5,14.4,0.381,1.2,5.1,0.245,4.2,9.3,0.456,0.424,3.9,5.2,0.76,2.0,6.1,8.1,3.2,1.7,0.3,2.3,2.0,16.2,12.5,0.245,0.281,0.115,0.007,0.353,0.732,1.0,0.265,9.2,0.484,0.353,0.36,4.7,13.9,9.4,8.9,1.7,0.6,12.0,16.9,-0.2,0.4,0.2,0.016,-3.5,-1.1,-4.6,-0.3
388,Matisse Thybulle,389,28,POR,SG,30,0,480,5.8,13.3,0.433,3.7,9.3,0.398,2.1,4.1,0.512,0.571,2.1,2.5,0.84,1.7,4.2,5.9,2.7,6.0,1.6,2.8,4.3,17.3,18.5,0.179,0.119,0.007,0.0,0.694,0.524,0.973,0.366,14.5,0.6,0.694,0.187,3.8,9.6,6.7,7.7,6.0,3.0,16.2,14.7,0.2,1.0,1.3,0.126,-1.7,6.1,4.4,0.8
389,Jeremy Sochan,390,22,2TM,PF,44,0,469,6.6,13.3,0.496,1.1,4.6,0.244,5.5,8.7,0.631,0.539,2.0,2.7,0.731,3.8,7.2,11.0,4.1,1.8,0.7,2.2,6.4,16.3,10.7,0.426,0.186,0.023,0.016,0.349,0.774,1.0,0.511,12.2,0.563,0.349,0.202,8.7,16.0,12.4,11.2,1.8,1.4,13.0,14.6,0.5,0.7,1.2,0.12,-2.3,1.1,-1.2,0.1
390,Maxi Kleber,391,34,LAL,PF,43,1,461,3.5,7.7,0.452,0.6,2.8,0.231,2.9,5.0,0.574,0.493,1.5,2.8,0.538,3.8,5.1,8.9,2.9,1.9,1.2,1.8,6.4,9.1,12.2,0.274,0.274,0.096,0.0,0.356,1.0,1.0,0.154,8.1,0.509,0.356,0.356,9.5,11.8,10.7,7.3,1.9,2.2,16.8,9.6,0.2,0.4,0.6,0.063,-4.2,0.3,-3.9,-0.2
391,Marcus Sasser,392,25,DET,PG,38,5,457,7.3,18.7,0.39,4.7,11.2,0.415,2.6,7.5,0.352,0.514,1.6,1.9,0.833,0.7,3.4,4.1,7.9,2.1,0.4,3.3,4.3,20.8,19.1,0.085,0.136,0.096,0.085,0.599,0.56,0.818,0.255,11.2,0.533,0.599,0.102,1.7,7.7,4.8,21.9,2.1,0.9,14.4,19.6,0.2,0.6,0.8,0.085,-1.6,-0.2,-1.7,0.0
392,AJ Johnson,393,21,2TM,SG,48,0,454,5.9,18.3,0.324,1.2,5.9,0.211,4.7,12.4,0.378,0.358,3.5,4.2,0.85,1.5,4.3,5.7,4.9,1.1,0.3,3.1,3.1,16.7,11.0,0.352,0.301,0.011,0.011,0.324,0.356,0.75,0.193,5.6,0.413,0.324,0.227,3.3,9.7,6.5,14.0,1.1,0.6,13.4,20.6,-1.0,0.1,-0.9,-0.09,-6.4,-2.5,-8.9,-0.8
393,Bogdan Bogdanović,394,33,LAC,SG,23,3,452,6.5,16.7,0.388,3.6,10.5,0.347,2.9,6.3,0.456,0.497,2.2,2.8,0.8,0.7,5.8,6.5,5.6,1.1,0.3,3.0,5.1,18.8,19.6,0.112,0.105,0.099,0.059,0.625,0.231,0.667,0.105,8.9,0.525,0.625,0.164,1.6,13.3,7.6,15.9,1.1,0.6,14.2,18.6,-0.1,0.3,0.2,0.02,-2.3,-0.8,-3.1,-0.1
394,Tony Bradley,395,28,2TM,C,41,4,450,6.8,12.4,0.547,0.2,0.4,0.5,6.5,11.9,0.549,0.556,3.4,4.5,0.744,6.3,5.9,12.2,2.3,0.6,0.7,1.9,6.5,17.1,6.8,0.504,0.359,0.043,0.06,0.034,0.677,1.0,1.0,12.8,0.596,0.034,0.368,14.2,13.8,14.0,6.9,0.6,1.3,11.7,14.5,0.7,0.2,0.9,0.099,-2.5,-1.7,-4.2,-0.3
395,Larry Nance Jr.,396,33,CLE,PF,35,3,449,5.6,13.3,0.419,2.2,6.7,0.333,3.3,6.5,0.508,0.504,0.6,1.4,0.462,3.1,6.8,10.0,3.6,2.2,0.6,2.1,5.9,14.0,14.2,0.315,0.137,0.04,0.0,0.508,0.774,1.0,0.476,9.5,0.505,0.508,0.105,7.1,15.6,11.4,9.7,2.2,1.3,13.4,14.0,0.0,0.5,0.6,0.06,-3.9,0.5,-3.4,-0.2
396,Oscar Tshiebwe,397,26,UTA,C,27,6,448,9.6,15.2,0.634,0.0,0.0,0.0,9.6,15.2,0.634,0.634,2.8,5.1,0.551,8.1,10.7,18.7,3.4,1.7,0.5,2.2,4.1,22.1,3.9,0.531,0.4,0.069,0.0,0.0,0.685,0.0,0.0,20.2,0.633,0.0,0.338,18.1,25.2,21.6,10.6,1.7,1.1,11.2,17.2,1.1,0.3,1.3,0.141,1.0,-2.8,-1.8,0.0
397,Doug McDermott,398,34,SAC,SF,29,0,439,5.9,15.3,0.388,5.3,13.6,0.39,0.7,1.8,0.375,0.561,0.9,1.0,0.889,0.8,3.3,4.1,2.4,0.7,0.4,1.4,3.1,18.1,23.9,0.029,0.043,0.043,0.0,0.885,0.667,1.0,0.154,8.6,0.574,0.885,0.065,1.7,7.9,4.7,6.8,0.7,0.8,8.3,15.1,0.2,-0.1,0.2,0.018,-1.4,-3.0,-4.4,-0.3
398,Leaky Black,399,26,WAS,SF,15,9,433,4.4,11.3,0.388,2.1,6.0,0.345,2.3,5.2,0.438,0.481,0.8,0.9,0.875,1.6,6.6,8.2,2.4,2.0,0.9,1.5,4.4,11.6,18.0,0.136,0.087,0.146,0.097,0.534,0.571,0.947,0.473,7.8,0.498,0.534,0.078,3.7,15.2,9.3,6.6,2.0,1.6,11.6,11.6,-0.1,0.1,0.0,0.004,-4.2,-1.1,-5.3,-0.4
399,Julian Phillips,400,22,2TM,SF,48,2,428,5.6,13.3,0.421,2.2,7.1,0.308,3.4,6.2,0.554,0.504,2.0,2.5,0.783,2.5,2.9,5.4,1.1,2.4,0.8,1.2,4.7,15.4,14.6,0.314,0.124,0.017,0.008,0.537,0.677,1.0,0.615,9.3,0.534,0.537,0.19,5.8,6.4,6.1,3.1,2.4,1.4,7.7,13.9,0.1,0.3,0.5,0.051,-3.3,-0.3,-3.6,-0.2
400,Moritz Wagner,401,28,ORL,C,36,0,427,9.3,21.9,0.426,2.5,7.9,0.314,6.9,14.1,0.488,0.482,6.6,8.1,0.819,3.0,9.9,12.9,3.0,1.7,0.2,2.1,6.5,27.8,11.5,0.251,0.369,0.021,0.0,0.359,0.836,0.909,0.229,15.3,0.545,0.359,0.369,7.0,23.2,15.0,9.7,1.7,0.4,7.7,24.3,0.4,0.6,0.9,0.104,-1.4,-0.8,-2.2,0.0
401,Yanic Konan Niederhäuser,402,22,LAC,C,41,0,424,7.5,11.7,0.64,0.1,0.6,0.2,7.4,11.1,0.663,0.645,5.5,7.3,0.758,4.3,9.4,13.7,1.4,0.6,3.5,2.7,7.7,20.6,4.1,0.57,0.35,0.03,0.0,0.05,0.714,1.0,0.2,16.4,0.691,0.05,0.62,10.4,21.4,16.0,4.1,0.6,6.7,15.3,15.7,0.8,0.5,1.3,0.152,-2.6,0.4,-2.2,0.0
402,Obi Toppin,403,27,IND,PF,24,3,424,11.2,22.3,0.503,4.1,11.8,0.352,7.1,10.5,0.67,0.595,4.7,5.2,0.913,1.5,10.4,11.9,6.2,1.3,0.1,3.1,3.1,31.3,15.9,0.261,0.111,0.075,0.025,0.528,0.73,1.0,0.2,19.7,0.636,0.528,0.231,3.3,24.4,13.6,21.2,1.3,0.2,11.3,24.8,0.7,0.3,1.1,0.124,3.4,-0.4,3.0,0.5
403,Khaman Maluach,404,19,PHO,C,46,1,411,6.7,12.6,0.533,0.6,2.5,0.238,6.1,10.1,0.607,0.557,2.6,3.7,0.71,5.9,10.1,16.0,0.7,0.6,4.0,3.0,5.2,16.7,6.9,0.629,0.152,0.019,0.0,0.2,0.627,1.0,0.333,14.0,0.586,0.2,0.295,12.8,23.5,18.0,2.0,0.6,7.7,17.4,14.8,0.2,0.6,0.8,0.099,-3.7,0.0,-3.7,-0.2
404,Myron Gardner,405,24,MIA,SF,45,7,411,6.7,13.9,0.48,2.9,7.2,0.406,3.7,6.7,0.559,0.585,2.1,2.9,0.731,4.4,9.4,13.8,5.0,2.3,0.9,1.9,8.8,18.4,14.7,0.301,0.138,0.033,0.008,0.52,0.515,0.923,0.266,15.2,0.606,0.52,0.211,9.8,21.1,15.4,14.0,2.3,1.7,11.2,15.0,0.8,0.6,1.4,0.163,-1.1,1.9,0.9,0.3
405,Andre Jackson Jr.,406,24,MIL,SG,48,1,408,4.7,14.3,0.328,1.8,7.2,0.25,2.9,7.1,0.407,0.391,2.4,3.9,0.625,3.0,5.7,8.7,5.2,2.3,0.5,3.7,5.2,13.6,15.3,0.252,0.16,0.067,0.017,0.504,0.625,0.8,0.4,6.8,0.425,0.504,0.269,7.0,12.9,10.0,14.0,2.3,1.0,18.9,17.8,-0.7,0.3,-0.4,-0.047,-5.7,-1.4,-7.1,-0.5
406,Killian Hayes,407,24,SAC,PG,23,3,406,5.0,16.4,0.304,2.0,7.5,0.27,3.0,8.9,0.333,0.366,3.1,3.3,0.929,0.5,6.0,6.4,9.7,2.5,0.5,3.3,4.3,15.1,17.8,0.036,0.188,0.225,0.094,0.457,0.28,0.706,0.127,8.8,0.422,0.457,0.203,1.1,14.2,7.4,26.3,2.5,0.9,15.7,18.7,-0.5,0.2,-0.3,-0.031,-5.1,-0.9,-6.0,-0.4
407,Jae'Sean Tate,408,30,HOU,SF,46,1,405,6.9,13.4,0.514,1.2,3.9,0.313,5.7,9.5,0.597,0.56,0.9,1.4,0.636,4.1,4.9,9.0,3.1,1.2,0.4,2.0,5.9,15.9,10.4,0.312,0.303,0.083,0.009,0.294,0.5,0.9,0.625,10.7,0.567,0.294,0.101,9.2,10.8,10.0,8.3,1.2,0.7,12.3,13.5,0.4,0.4,0.8,0.095,-3.2,-0.7,-3.9,-0.2
408,Julian Reese,409,22,WAS,PF,13,10,402,7.4,14.0,0.529,0.0,0.0,0.0,7.4,14.0,0.529,0.529,3.3,5.2,0.636,6.5,9.7,16.1,2.8,2.1,0.9,3.8,4.9,18.1,5.0,0.504,0.303,0.151,0.042,0.0,0.667,0.0,0.0,14.4,0.557,0.0,0.37,14.4,22.3,18.3,8.4,2.1,1.7,18.8,17.7,0.1,0.3,0.3,0.041,-2.9,-2.2,-5.1,-0.3
409,Dejounte Murray,410,29,NOP,PG,14,14,389,10.8,22.4,0.484,2.3,7.6,0.306,8.5,14.8,0.575,0.536,4.8,5.5,0.867,0.5,8.7,9.2,10.9,2.8,0.4,5.8,4.1,28.8,13.7,0.214,0.231,0.159,0.055,0.341,0.217,0.684,0.161,18.1,0.58,0.341,0.247,1.1,19.9,10.4,35.4,2.8,0.7,18.9,26.6,0.2,0.4,0.6,0.072,0.8,0.5,1.4,0.3
410,Trae Young,411,27,2TM,PG,15,15,384,10.0,21.8,0.458,3.3,9.8,0.338,6.6,11.9,0.557,0.534,9.8,11.9,0.825,0.5,3.2,3.7,14.8,1.6,0.2,4.8,4.1,33.1,17.2,0.147,0.175,0.153,0.073,0.452,0.426,0.481,0.1,21.1,0.612,0.452,0.548,1.1,7.4,4.2,45.8,1.6,0.5,15.1,28.1,1.2,0.2,1.4,0.174,4.2,-1.4,2.8,0.5
411,Tyson Etienne,412,26,BRK,PG,24,2,380,7.5,18.9,0.4,5.6,14.1,0.398,2.0,4.8,0.405,0.548,3.9,4.7,0.833,0.7,2.9,3.5,5.2,1.4,0.0,2.1,6.1,24.6,21.1,0.069,0.09,0.034,0.062,0.745,0.467,0.86,0.296,11.9,0.588,0.745,0.248,1.4,7.1,4.1,16.9,1.4,0.0,9.0,20.3,0.4,0.1,0.5,0.069,-0.8,-2.0,-2.8,-0.1
412,Bronny James,413,21,LAL,SG,42,1,375,6.1,15.0,0.409,2.9,7.4,0.386,3.3,7.6,0.431,0.504,0.8,0.9,0.857,0.7,2.3,3.0,6.6,2.5,0.5,3.3,3.6,15.9,17.9,0.104,0.13,0.148,0.122,0.496,0.56,0.727,0.14,9.0,0.517,0.496,0.061,1.6,5.4,3.6,18.1,2.5,1.0,17.5,16.7,-0.2,0.3,0.1,0.018,-3.4,-0.9,-4.3,-0.2
413,Nick Smith Jr.,414,21,LAL,SG,30,1,375,9.1,21.0,0.435,4.4,11.2,0.395,4.7,9.8,0.48,0.54,1.4,2.0,0.733,0.4,2.6,3.0,4.0,1.2,0.3,2.7,3.6,24.1,19.1,0.037,0.18,0.199,0.05,0.534,0.25,0.706,0.116,10.2,0.552,0.534,0.093,1.0,6.0,3.6,12.0,1.2,0.5,11.1,22.0,-0.1,0.2,0.1,0.013,-2.1,-2.6,-4.7,-0.3
414,Cameron Payne,415,31,PHI,PG,22,1,374,7.2,19.2,0.376,4.1,12.5,0.33,3.1,6.7,0.462,0.483,2.5,2.8,0.864,0.4,5.3,5.7,7.5,3.1,0.9,1.4,3.9,21.0,20.0,0.094,0.161,0.074,0.02,0.651,0.25,0.531,0.041,14.4,0.514,0.651,0.148,0.9,12.1,6.4,21.8,3.1,1.8,6.5,19.2,0.4,0.5,0.8,0.106,-0.7,1.0,0.3,0.2
415,Liam McNeeley,416,20,CHO,SF,31,0,368,5.1,12.8,0.4,3.2,8.1,0.4,1.9,4.7,0.4,0.526,4.3,5.3,0.821,1.8,8.1,9.8,3.2,0.7,0.4,1.8,4.9,17.8,18.0,0.126,0.211,0.032,0.0,0.632,0.714,0.958,0.35,10.6,0.588,0.632,0.411,4.1,18.1,11.2,8.7,0.7,0.8,10.4,14.4,0.5,0.4,0.9,0.112,-1.3,0.0,-1.3,0.1
416,Blake Wesley,417,22,POR,SG,31,0,361,7.4,16.4,0.452,1.3,4.8,0.278,6.1,11.6,0.523,0.492,3.4,6.2,0.553,1.1,4.1,5.2,8.2,2.1,0.7,4.1,4.5,19.6,11.2,0.395,0.145,0.113,0.056,0.29,0.391,1.0,0.278,10.8,0.511,0.29,0.379,2.4,9.4,5.9,24.8,2.1,1.2,17.6,19.8,-0.1,0.4,0.3,0.038,-3.7,0.1,-3.6,-0.1
417,Jeremiah Robinson-Earl,418,25,2TM,PF,22,3,361,4.9,13.1,0.37,1.3,5.4,0.244,3.5,7.8,0.458,0.42,2.2,2.4,0.944,4.7,8.8,13.5,2.0,1.2,0.1,1.6,3.4,13.3,12.6,0.35,0.16,0.05,0.03,0.41,0.481,1.0,0.561,9.3,0.468,0.41,0.18,10.6,20.4,15.5,5.6,1.2,0.2,10.0,14.1,0.0,0.3,0.2,0.03,-3.5,-1.7,-5.2,-0.3
418,Kelly Olynyk,419,34,SAS,C,42,0,360,6.3,12.8,0.49,1.6,6.3,0.255,4.7,6.5,0.714,0.552,3.6,5.1,0.711,3.2,6.9,10.1,6.5,2.0,0.4,3.2,5.2,17.7,14.4,0.302,0.156,0.031,0.021,0.49,0.429,1.0,0.191,13.5,0.59,0.49,0.396,7.4,15.1,11.3,17.6,2.0,0.7,17.6,16.0,0.4,0.6,1.0,0.13,-1.3,1.3,-0.1,0.2
419,Malachi Smith,420,26,BRK,SG,15,4,359,6.6,13.6,0.485,2.8,6.3,0.435,3.9,7.3,0.528,0.586,1.1,1.1,1.0,1.7,5.4,7.0,6.8,1.7,0.6,1.9,1.8,17.1,14.8,0.202,0.253,0.061,0.02,0.465,0.393,0.85,0.217,13.7,0.605,0.465,0.081,3.7,13.4,8.3,21.2,1.7,1.0,12.0,14.2,0.5,0.2,0.7,0.094,-0.1,-0.8,-0.8,0.1
420,Christian Koloko,421,25,3TM,C,27,4,357,4.1,9.8,0.419,0.1,1.2,0.111,4.0,8.6,0.462,0.426,1.3,2.0,0.667,4.1,6.6,10.7,2.4,1.9,3.0,2.1,6.4,9.7,6.8,0.446,0.297,0.108,0.027,0.122,0.833,1.0,0.444,8.8,0.453,0.122,0.203,9.3,15.4,12.3,6.4,1.9,5.9,16.6,11.3,-0.2,0.4,0.3,0.038,-5.9,1.2,-4.7,-0.2
421,Kennedy Chandler,422,23,UTA,PG,11,2,355,8.1,18.1,0.445,2.0,5.0,0.395,6.1,13.1,0.465,0.5,3.7,5.7,0.651,0.8,4.1,4.9,9.8,1.5,0.3,3.0,3.0,21.8,11.6,0.255,0.343,0.088,0.036,0.277,0.37,0.733,0.263,13.0,0.529,0.277,0.314,1.8,9.7,5.6,29.4,1.5,0.5,12.9,20.7,0.2,0.0,0.2,0.029,-2.5,-3.1,-5.7,-0.3
422,Cam Whitmore,423,21,WAS,SF,21,0,354,10.3,22.6,0.456,2.1,7.5,0.286,8.2,15.1,0.54,0.503,3.1,4.1,0.742,2.5,5.2,7.8,2.0,2.0,1.1,2.4,3.3,25.8,12.1,0.361,0.213,0.047,0.047,0.331,0.59,0.625,0.054,13.7,0.528,0.331,0.183,5.7,12.0,8.8,6.5,2.0,2.0,9.0,23.7,-0.1,0.1,0.0,-0.002,-1.1,-2.1,-3.3,-0.1
423,E.J. Liddell,424,25,BRK,PF,26,5,349,7.7,15.7,0.486,2.6,7.4,0.346,5.1,8.4,0.61,0.568,3.0,3.7,0.808,2.0,7.8,9.8,3.4,0.9,1.4,2.1,6.4,20.8,14.7,0.189,0.27,0.054,0.018,0.468,0.5,1.0,0.385,12.6,0.6,0.468,0.234,4.4,19.4,11.5,11.0,0.9,2.7,10.9,17.2,0.3,0.2,0.5,0.074,-2.2,-1.2,-3.3,-0.1
424,Brooks Barnhizer,425,23,OKC,SG,40,0,348,3.8,9.9,0.38,1.0,3.3,0.292,2.8,6.5,0.426,0.43,1.0,1.4,0.7,2.6,8.2,10.8,3.1,1.5,0.7,1.4,3.8,9.4,12.5,0.282,0.183,0.169,0.028,0.338,0.55,0.857,0.458,7.9,0.451,0.338,0.141,6.2,17.7,12.2,7.8,1.5,1.4,11.7,10.6,-0.1,0.6,0.6,0.082,-4.1,1.0,-3.1,-0.1
425,Chaney Johnson,426,23,BRK,SF,17,1,348,7.2,13.4,0.543,1.3,4.3,0.3,6.0,9.1,0.656,0.59,4.0,5.0,0.8,4.7,6.5,11.2,5.1,2.1,1.3,2.8,7.2,19.8,10.6,0.436,0.181,0.064,0.0,0.319,0.5,0.778,0.167,16.0,0.635,0.319,0.372,10.4,16.3,13.2,16.4,2.1,2.4,15.5,16.2,0.6,0.3,0.9,0.128,-0.3,0.4,0.1,0.2
426,Isaiah Livers,427,27,PHO,PF,36,0,347,3.1,9.1,0.344,1.7,5.7,0.3,1.4,3.4,0.417,0.438,1.3,1.7,0.75,2.7,6.0,8.7,3.0,1.9,1.1,1.7,4.0,9.3,17.7,0.172,0.141,0.031,0.031,0.625,0.5,1.0,0.45,7.6,0.469,0.625,0.188,5.9,13.9,9.8,7.7,1.9,2.2,14.8,9.9,0.0,0.4,0.4,0.057,-3.7,1.2,-2.5,0.0
427,Lachlan Olbrich,428,22,CHI,C,37,2,344,4.9,10.5,0.468,0.3,2.6,0.105,4.6,7.9,0.586,0.481,2.0,5.4,0.375,6.1,9.1,15.2,5.7,1.6,1.1,2.2,6.7,12.1,8.3,0.494,0.247,0.0,0.013,0.247,0.706,1.0,0.368,12.0,0.47,0.247,0.519,14.1,20.4,17.3,15.8,1.6,2.0,14.5,13.4,0.2,0.3,0.5,0.075,-3.3,-0.2,-3.4,-0.1
428,Ty Jerome,429,28,MEM,SG,15,15,339,14.3,30.0,0.474,5.9,14.0,0.42,8.4,16.1,0.522,0.572,6.8,7.8,0.875,1.5,4.3,5.9,11.9,2.2,0.6,3.8,4.3,41.2,16.9,0.098,0.242,0.172,0.023,0.465,0.3,0.238,0.05,25.6,0.616,0.465,0.26,3.5,10.1,6.7,44.9,2.2,1.1,10.1,32.7,1.1,0.2,1.3,0.191,8.2,-0.6,7.7,0.8
429,Ron Harper Jr.,430,25,BOS,SF,29,3,318,7.3,17.5,0.418,4.5,12.7,0.35,2.9,4.8,0.6,0.545,0.5,0.6,0.75,2.4,5.3,7.6,3.5,1.6,1.4,1.3,3.2,19.6,19.7,0.118,0.118,0.036,0.0,0.727,0.389,0.964,0.35,13.1,0.55,0.727,0.036,5.3,11.2,8.3,9.5,1.6,2.9,6.7,16.4,0.4,0.4,0.8,0.119,0.2,0.9,1.1,0.3
430,Joan Beringer,431,19,MIN,PF,40,3,314,9.9,14.9,0.663,0.0,0.0,0.0,9.9,14.9,0.663,0.663,4.0,5.6,0.703,6.8,7.1,14.0,1.8,1.1,4.0,1.7,7.1,23.7,1.9,0.806,0.194,0.0,0.0,0.0,0.738,0.0,0.0,21.3,0.683,0.0,0.378,16.1,16.1,16.1,5.6,1.1,7.2,8.8,16.8,1.0,0.5,1.5,0.222,0.2,0.2,0.4,0.2
431,Jalen Slawson,432,26,IND,SF,13,6,311,5.2,11.8,0.442,2.3,6.1,0.375,2.9,5.7,0.514,0.539,1.8,2.6,0.706,1.1,7.6,8.7,5.5,3.1,2.1,2.6,4.1,14.5,15.9,0.26,0.143,0.039,0.039,0.519,0.842,1.0,0.2,12.6,0.562,0.519,0.221,2.4,17.9,10.0,15.7,3.1,3.8,16.8,13.9,0.0,0.4,0.5,0.07,-2.2,1.8,-0.4,0.1
432,Kevon Looney,433,29,NOP,C,21,8,308,3.9,9.3,0.417,0.3,2.0,0.154,3.6,7.3,0.489,0.433,1.1,1.6,0.7,7.5,10.9,18.3,5.3,1.4,1.6,1.4,5.3,9.2,8.3,0.533,0.15,0.05,0.05,0.217,0.304,1.0,0.077,13.6,0.458,0.217,0.167,16.6,24.8,20.6,14.0,1.4,3.1,12.3,9.9,0.4,0.3,0.7,0.109,-1.2,-0.6,-1.8,0.0
433,Tyler Burton,434,25,MEM,SF,12,0,307,6.5,17.3,0.375,3.4,10.2,0.333,3.1,7.1,0.435,0.473,3.5,4.2,0.852,1.2,6.5,7.7,1.9,1.7,0.6,1.7,4.8,19.9,16.8,0.214,0.134,0.054,0.009,0.589,0.65,0.955,0.197,9.5,0.521,0.589,0.241,2.8,15.1,8.8,5.4,1.7,1.2,8.2,18.3,-0.1,0.2,0.1,0.023,-3.4,-1.9,-5.3,-0.3
434,Yang Hansen,435,20,POR,C,43,1,300,4.9,15.9,0.31,0.8,6.7,0.119,4.1,9.2,0.448,0.335,4.5,5.4,0.824,3.2,7.3,10.5,3.5,0.5,1.6,5.1,6.8,15.1,13.5,0.25,0.27,0.06,0.0,0.42,0.615,1.0,0.238,3.7,0.413,0.42,0.34,7.1,16.8,11.9,9.8,0.5,3.0,21.8,19.9,-0.8,0.3,-0.5,-0.075,-8.9,-0.6,-9.5,-0.6
435,Pat Connaughton,436,33,CHO,SG,42,0,297,6.3,14.2,0.447,3.5,8.7,0.404,2.8,5.5,0.515,0.571,2.2,3.3,0.65,2.5,7.7,10.2,3.0,1.8,0.2,1.8,1.5,18.4,17.1,0.153,0.212,0.024,0.0,0.612,0.765,1.0,0.346,12.9,0.586,0.612,0.235,5.8,17.2,11.6,8.4,1.8,0.3,10.5,14.9,0.3,0.4,0.7,0.113,-0.2,0.3,0.1,0.2
436,LJ Cryer,437,24,GSW,PG,18,1,292,7.8,19.4,0.402,6.1,15.6,0.394,1.7,3.8,0.435,0.56,2.8,3.2,0.895,0.7,4.0,4.6,3.0,0.5,0.0,2.3,4.6,24.6,23.0,0.009,0.068,0.06,0.06,0.803,0.5,0.784,0.181,9.9,0.59,0.803,0.162,1.5,9.3,5.3,9.0,0.5,0.0,10.0,20.3,0.2,0.1,0.3,0.045,-1.8,-2.9,-4.7,-0.2
437,Max Strus,438,29,CLE,SF,12,5,288,7.8,17.7,0.443,5.5,13.7,0.402,2.3,4.0,0.583,0.599,1.2,1.5,0.778,1.5,9.3,10.8,4.0,0.5,0.0,1.5,5.7,22.4,20.6,0.151,0.057,0.019,0.0,0.774,0.5,0.939,0.268,12.8,0.609,0.774,0.085,3.5,21.3,12.4,11.3,0.5,0.0,7.6,17.4,0.4,0.2,0.7,0.116,0.1,-1.3,-1.2,0.1
438,Lindy Waters III,439,28,SAS,SG,40,0,285,5.6,14.8,0.375,4.5,13.3,0.342,1.0,1.5,0.667,0.528,0.3,0.5,0.667,0.5,4.4,4.9,3.2,1.0,0.2,1.2,4.0,16.0,23.3,0.057,0.023,0.011,0.011,0.898,0.667,0.926,0.278,7.5,0.532,0.898,0.034,1.2,9.5,5.5,8.5,1.0,0.3,7.3,14.2,0.1,0.3,0.4,0.063,-2.9,-0.3,-3.2,-0.1
439,Blake Hinson,440,26,UTA,SF,14,3,285,9.7,18.9,0.513,6.1,13.0,0.468,3.6,5.9,0.611,0.674,2.0,2.6,0.75,1.8,3.6,5.4,2.6,0.8,0.3,0.8,4.0,27.5,19.1,0.122,0.122,0.052,0.017,0.687,0.864,0.946,0.405,16.5,0.684,0.687,0.139,4.1,8.6,6.3,8.3,0.8,0.7,3.9,18.3,0.7,0.0,0.7,0.112,2.5,-3.0,-0.6,0.1
440,Zach Edey,441,23,MEM,C,11,11,284,10.3,16.3,0.633,0.2,0.8,0.2,10.2,15.5,0.656,0.638,4.2,5.3,0.781,7.2,13.2,20.4,2.0,1.2,3.5,4.3,6.2,25.0,5.2,0.418,0.469,0.061,0.0,0.051,0.82,1.0,0.0,20.7,0.669,0.051,0.327,16.1,30.6,23.3,6.6,1.2,6.8,18.8,20.2,0.4,0.4,0.8,0.134,-0.6,1.1,0.5,0.2
441,Jordan McLaughlin,442,29,SAS,PG,44,0,282,5.6,13.5,0.418,2.9,6.8,0.425,2.7,6.6,0.41,0.525,1.0,1.2,0.857,1.2,4.3,5.4,6.5,3.4,0.3,2.6,1.9,15.2,15.2,0.241,0.152,0.089,0.013,0.506,0.313,0.882,0.425,12.0,0.542,0.506,0.089,2.7,9.3,6.1,17.2,3.4,0.6,15.5,14.5,0.1,0.5,0.6,0.1,-1.9,2.5,0.6,0.2
442,Keshad Johnson,443,24,MIA,SF,32,0,280,8.5,17.2,0.49,2.2,7.3,0.295,6.3,9.9,0.633,0.553,3.5,4.8,0.724,4.3,6.0,10.3,1.3,2.5,1.3,2.2,4.6,22.5,12.0,0.423,0.125,0.019,0.01,0.423,0.658,0.923,0.364,15.2,0.582,0.423,0.279,9.6,13.4,11.5,3.9,2.5,2.5,10.0,18.9,0.3,0.4,0.6,0.11,-1.3,0.0,-1.3,0.1
443,Malevy Leons,444,26,GSW,SF,25,2,276,5.6,12.6,0.444,0.7,2.8,0.25,4.9,9.8,0.5,0.472,2.6,3.3,0.789,5.3,4.0,9.3,4.0,2.5,1.6,2.3,5.4,14.6,8.7,0.361,0.375,0.028,0.014,0.222,0.536,1.0,0.688,12.2,0.516,0.222,0.264,11.9,9.5,10.7,11.4,2.5,3.0,13.9,14.4,0.2,0.3,0.5,0.087,-3.0,0.2,-2.8,-0.1
444,Malaki Branham,445,22,WAS,SG,28,0,275,7.4,15.7,0.473,2.4,6.4,0.378,5.0,9.3,0.537,0.549,4.8,5.9,0.824,2.1,5.5,7.6,4.0,1.7,0.5,2.6,3.6,22.0,13.2,0.253,0.297,0.033,0.011,0.407,0.552,0.929,0.135,14.0,0.604,0.407,0.374,4.6,12.7,8.6,11.8,1.7,1.0,12.4,18.4,0.3,0.0,0.4,0.064,-0.8,-1.5,-2.2,0.0
445,Cormac Ryan,446,27,MIL,SG,11,2,271,9.6,18.5,0.52,4.9,10.7,0.458,4.7,7.8,0.605,0.652,4.4,4.7,0.923,1.5,3.6,5.1,3.4,2.0,0.5,3.1,4.9,28.5,16.9,0.186,0.147,0.069,0.02,0.578,0.385,0.889,0.237,16.9,0.692,0.578,0.255,3.4,8.3,5.8,10.8,2.0,1.1,13.0,21.3,0.5,0.1,0.6,0.114,1.0,-1.8,-0.8,0.1
446,Chaz Lanier,447,24,DET,SG,34,0,262,5.2,16.4,0.315,3.5,12.4,0.284,1.7,4.1,0.409,0.421,0.9,1.1,0.833,1.5,2.8,4.2,3.1,1.3,0.0,0.6,2.2,14.8,22.6,0.022,0.022,0.09,0.112,0.753,0.778,0.947,0.269,6.6,0.436,0.753,0.067,3.5,6.3,4.9,8.2,1.3,0.0,3.2,15.0,0.0,0.3,0.3,0.046,-3.8,-1.3,-5.1,-0.2
447,Duop Reath,448,29,POR,C,32,0,258,6.1,13.7,0.446,4.3,10.2,0.418,1.9,3.5,0.526,0.601,0.9,1.1,0.833,1.9,5.2,7.0,1.9,0.9,1.5,1.3,5.2,17.4,19.3,0.176,0.081,0.0,0.0,0.743,0.7,0.957,0.4,10.6,0.613,0.743,0.081,4.1,11.9,8.0,5.4,0.9,2.8,8.4,13.2,0.3,0.2,0.6,0.103,-0.9,0.0,-0.9,0.1
448,KJ Simpson,449,23,2TM,PG,20,2,257,6.5,19.1,0.343,2.3,7.7,0.3,4.2,11.4,0.373,0.404,2.1,3.5,0.611,1.7,5.4,7.1,8.3,3.1,0.0,4.8,3.5,17.5,11.3,0.273,0.182,0.131,0.01,0.404,0.273,0.75,0.15,8.1,0.426,0.404,0.182,4.1,12.0,8.1,23.0,3.1,0.0,19.0,21.8,-0.5,0.3,-0.1,-0.023,-5.4,0.4,-5.1,-0.2
449,John Poulakidas,450,22,DAL,SG,13,0,253,7.3,17.0,0.429,5.8,14.4,0.403,1.5,2.6,0.571,0.599,1.1,1.3,0.857,0.7,4.8,5.6,2.1,1.3,0.7,0.7,5.2,21.4,23.7,0.011,0.011,0.088,0.044,0.846,0.875,0.968,0.182,12.0,0.611,0.846,0.077,1.7,10.8,6.3,6.1,1.3,1.3,4.1,16.2,0.3,0.2,0.5,0.095,-1.0,-1.2,-2.2,0.0
450,Jonathan Mogbo,451,24,TOR,PF,40,0,249,5.1,8.6,0.591,0.0,0.2,0.0,5.1,8.4,0.605,0.591,1.8,2.7,0.643,3.7,9.6,13.3,4.9,2.2,1.6,2.7,5.1,11.9,3.6,0.545,0.364,0.068,0.0,0.023,0.731,0.0,1.0,12.8,0.608,0.023,0.318,8.6,22.5,15.5,12.9,2.2,3.1,21.8,11.1,0.2,0.4,0.6,0.12,-2.6,1.9,-0.7,0.1
451,Adama-Alpha Bal,452,22,MEM,SG,8,1,241,5.5,13.4,0.412,3.5,8.6,0.409,2.0,4.7,0.417,0.544,1.8,2.0,0.9,1.2,3.7,4.9,3.7,1.8,0.2,1.2,5.3,16.3,18.3,0.176,0.103,0.044,0.029,0.647,0.7,0.833,0.318,9.6,0.573,0.647,0.147,2.6,8.7,5.6,10.6,1.8,0.4,7.7,13.5,0.2,0.1,0.3,0.065,-3.6,-1.8,-5.4,-0.2
452,Nate Williams,453,26,GSW,SG,14,2,239,8.7,17.8,0.489,2.6,6.1,0.433,6.1,11.8,0.517,0.563,2.6,3.0,0.867,4.1,2.0,6.1,2.8,1.0,0.0,3.0,5.3,22.7,10.9,0.284,0.364,0.011,0.0,0.341,0.667,0.923,0.6,11.3,0.592,0.341,0.17,9.2,4.8,7.0,8.8,1.0,0.0,13.7,19.5,0.2,0.1,0.3,0.052,-2.1,-2.9,-5.0,-0.2
453,Drew Timme,454,25,LAL,PF,27,1,235,7.9,13.7,0.576,2.3,5.2,0.44,5.6,8.5,0.659,0.659,1.0,1.9,0.556,2.1,4.8,6.9,4.8,1.2,0.0,2.7,4.2,19.1,14.0,0.182,0.197,0.227,0.015,0.379,0.667,1.0,0.36,12.6,0.658,0.379,0.136,5.2,11.1,8.2,13.7,1.2,0.0,15.7,15.4,0.3,0.1,0.4,0.092,-0.8,-1.4,-2.2,0.0
454,DeJon Jarreau,455,28,MEM,SG,11,0,231,6.8,17.0,0.398,0.8,6.2,0.133,5.9,10.9,0.547,0.422,3.7,4.7,0.783,2.5,8.0,10.5,7.4,2.1,1.6,5.3,5.7,18.0,12.9,0.301,0.157,0.157,0.024,0.361,0.552,1.0,0.267,9.7,0.473,0.361,0.277,5.5,18.6,12.0,21.8,2.1,3.2,21.8,21.4,-0.4,0.2,-0.2,-0.035,-4.9,-0.3,-5.2,-0.2
455,Chris Paul,456,40,LAC,PG,16,0,228,3.9,12.2,0.321,2.2,6.5,0.333,1.7,5.7,0.308,0.411,0.2,0.4,0.5,1.3,4.8,6.1,11.6,2.4,0.0,3.5,5.0,10.3,19.3,0.018,0.125,0.232,0.089,0.536,0.125,0.5,0.133,8.1,0.413,0.536,0.036,3.1,10.9,7.1,30.6,2.4,0.0,22.0,14.2,-0.1,0.2,0.1,0.017,-4.0,-0.2,-4.2,-0.1
456,A.J. Lawson,457,25,TOR,SG,24,0,226,7.3,16.8,0.436,4.1,9.7,0.422,3.2,7.1,0.455,0.558,3.0,3.9,0.778,1.9,7.3,9.3,1.5,2.6,0.9,1.3,5.8,21.8,14.8,0.295,0.128,0.0,0.0,0.577,0.933,1.0,0.644,13.4,0.588,0.577,0.231,4.5,17.2,10.8,4.2,2.6,1.7,6.5,17.5,0.2,0.4,0.6,0.121,-1.3,0.4,-1.0,0.1
457,Lucas Williamson,458,27,MEM,SG,7,2,224,5.3,15.9,0.333,3.2,11.2,0.283,2.1,4.7,0.455,0.433,1.7,1.7,1.0,2.3,5.7,8.0,3.8,2.3,0.2,2.1,5.5,15.4,19.2,0.173,0.08,0.04,0.0,0.707,0.7,1.0,0.226,8.0,0.465,0.707,0.107,5.2,13.3,9.2,10.8,2.3,0.4,11.3,16.4,-0.1,0.2,0.0,0.005,-5.4,-2.1,-7.6,-0.3
458,JD Davison,459,23,HOU,PG,28,0,218,5.5,14.7,0.375,1.8,7.3,0.25,3.7,7.3,0.5,0.438,3.0,4.4,0.684,0.7,7.1,7.8,8.0,1.4,1.4,1.6,3.9,15.8,16.6,0.078,0.25,0.156,0.016,0.5,0.375,1.0,0.219,11.4,0.477,0.5,0.297,1.5,15.5,8.6,20.7,1.4,2.5,8.8,15.3,0.2,0.3,0.5,0.102,-2.4,1.3,-1.1,0.0
459,Toby Okani,460,24,MEM,SG,6,4,217,5.5,15.3,0.357,2.0,6.8,0.29,3.5,8.5,0.41,0.421,0.2,1.7,0.125,2.0,2.6,4.6,1.3,0.9,0.7,0.7,4.4,13.1,15.3,0.157,0.214,0.1,0.086,0.443,0.688,0.889,0.323,4.1,0.408,0.443,0.114,4.4,6.1,5.2,3.7,0.9,1.3,3.9,14.7,-0.3,0.0,-0.2,-0.052,-6.8,-3.9,-10.7,-0.5
460,PJ Hall,461,23,2TM,C,19,2,214,6.9,13.6,0.508,0.7,1.2,0.6,6.2,12.4,0.5,0.534,5.3,6.7,0.793,7.6,9.7,17.3,2.3,0.7,2.3,3.7,5.1,19.8,7.5,0.644,0.22,0.017,0.034,0.085,0.741,1.0,0.6,15.9,0.599,0.085,0.492,17.6,21.7,19.7,6.6,0.7,4.3,18.2,17.3,0.3,0.3,0.6,0.125,-1.6,-0.7,-2.3,0.0
461,Scotty Pippen Jr.,462,25,MEM,PG,10,6,212,9.6,21.5,0.448,2.2,7.2,0.313,7.4,14.3,0.516,0.5,4.0,5.1,0.783,1.8,3.1,4.9,10.5,4.2,0.9,6.0,6.9,25.5,13.0,0.24,0.198,0.188,0.042,0.333,0.455,0.8,0.156,14.7,0.537,0.333,0.24,4.0,7.3,5.6,33.8,4.2,1.7,20.3,26.1,-0.1,0.2,0.1,0.025,-2.5,-0.3,-2.8,0.0
462,DaRon Holmes,463,23,DEN,PF,25,6,210,7.2,14.2,0.508,4.6,10.5,0.444,2.6,3.7,0.688,0.672,2.6,3.3,0.786,1.9,6.3,8.1,3.7,0.2,1.4,2.8,4.4,21.6,19.8,0.164,0.066,0.033,0.0,0.738,1.0,1.0,0.222,13.4,0.692,0.738,0.23,4.5,13.8,9.3,10.2,0.2,2.7,15.2,16.4,0.3,0.1,0.4,0.103,0.7,-1.2,-0.5,0.1
463,Yuki Kawamura,464,24,CHI,PG,18,0,209,3.8,11.6,0.327,2.5,8.3,0.297,1.3,3.4,0.4,0.433,3.8,4.3,0.895,1.6,5.8,7.4,10.5,2.0,0.0,3.1,3.4,13.9,20.7,0.096,0.019,0.154,0.019,0.712,0.667,1.0,0.216,11.4,0.514,0.712,0.365,3.6,13.0,8.4,28.2,2.0,0.0,18.8,14.8,0.2,0.1,0.3,0.069,-2.7,-1.0,-3.7,-0.1
464,RayJ Dennis,465,24,3TM,PG,17,0,206,6.0,19.1,0.313,3.2,10.4,0.311,2.8,8.8,0.316,0.398,1.8,2.1,0.889,1.8,4.2,6.0,7.6,0.9,0.9,3.9,4.8,17.1,17.6,0.133,0.193,0.108,0.024,0.542,0.583,0.714,0.156,6.2,0.425,0.542,0.108,4.1,9.7,6.9,21.9,0.9,1.7,16.4,21.4,-0.4,0.1,-0.3,-0.072,-4.7,-1.3,-6.0,-0.2
465,DeAndre Jordan,466,37,NOP,C,12,7,199,5.0,7.7,0.656,0.0,0.0,0.0,5.0,7.7,0.656,0.656,2.6,4.1,0.647,6.3,12.0,18.3,2.6,1.0,2.4,2.2,3.8,12.7,1.9,0.781,0.188,0.031,0.0,0.0,0.619,0.0,0.0,15.7,0.671,0.0,0.531,13.9,27.4,20.6,7.2,1.0,4.7,18.6,10.1,0.3,0.2,0.6,0.134,-0.4,0.2,-0.2,0.1
466,Garrison Mathews,467,29,IND,SG,15,1,196,5.1,12.6,0.404,4.1,11.2,0.37,1.0,1.5,0.667,0.567,4.6,5.6,0.826,0.5,3.6,4.1,2.4,1.5,0.7,0.7,4.6,18.9,23.3,0.058,0.038,0.019,0.0,0.885,1.0,1.0,0.37,11.2,0.628,0.885,0.442,1.1,8.5,4.7,6.9,1.5,1.3,4.6,14.1,0.3,0.1,0.4,0.097,-1.3,0.0,-1.3,0.0
467,MarJon Beauchamp,468,25,PHI,SF,14,1,196,8.1,18.7,0.434,3.9,11.6,0.34,4.2,7.1,0.586,0.539,3.2,4.7,0.684,1.7,6.2,7.9,3.7,2.2,1.0,3.2,3.2,23.4,18.2,0.184,0.105,0.053,0.039,0.618,0.706,0.813,0.213,13.4,0.563,0.618,0.25,3.8,14.1,8.9,11.1,2.2,1.9,13.4,21.0,0.0,0.2,0.2,0.06,-0.6,-1.0,-1.6,0.0
468,Nigel Hayes-Davis,469,31,PHO,SF,27,0,195,3.8,11.7,0.326,0.5,4.1,0.125,3.3,7.6,0.433,0.348,0.5,1.0,0.5,3.0,5.3,8.4,1.8,2.0,0.5,2.0,4.1,8.6,14.9,0.087,0.283,0.239,0.043,0.348,0.385,1.0,0.188,4.2,0.356,0.348,0.087,6.6,12.4,9.4,4.6,2.0,1.0,14.3,12.1,-0.3,0.2,-0.1,-0.023,-6.4,-0.8,-7.3,-0.3
469,Chris Youngblood,470,23,2TM,SG,34,0,185,5.7,16.5,0.349,4.7,14.1,0.333,1.0,2.4,0.444,0.492,2.4,2.6,0.9,1.8,5.5,7.3,3.1,1.0,0.8,0.5,5.7,18.5,23.7,0.032,0.063,0.032,0.016,0.857,0.75,1.0,0.259,10.4,0.527,0.857,0.159,4.3,11.8,8.2,8.5,1.0,1.6,2.9,16.2,0.2,0.3,0.5,0.117,-2.2,-0.1,-2.3,0.0
470,Zach Collins,471,28,CHI,C,10,0,184,9.4,16.3,0.578,2.3,5.3,0.429,7.1,10.9,0.651,0.648,3.6,5.1,0.7,4.1,10.2,14.2,3.8,0.5,1.0,2.5,4.6,24.7,10.8,0.422,0.156,0.078,0.016,0.328,0.821,1.0,0.429,17.9,0.666,0.328,0.313,9.4,22.8,16.2,12.0,0.5,1.9,12.1,18.8,0.4,0.1,0.5,0.137,1.0,-0.7,0.2,0.1
471,Dariq Whitehead,472,21,MEM,SF,6,2,183,9.6,24.1,0.398,4.9,15.5,0.317,4.7,8.5,0.545,0.5,1.3,1.8,0.714,0.5,5.7,6.2,2.3,1.0,0.0,2.6,3.4,25.4,18.9,0.14,0.151,0.032,0.032,0.645,0.889,0.947,0.167,8.7,0.51,0.645,0.075,1.2,13.2,7.1,7.5,1.0,0.0,9.4,24.1,-0.2,0.1,-0.2,-0.047,-3.6,-4.4,-8.0,-0.3
472,Xavier Tillman Sr.,473,27,2TM,C,30,1,183,5.5,12.6,0.435,0.8,4.9,0.167,4.7,7.7,0.607,0.467,0.3,1.1,0.25,5.2,6.6,11.8,3.6,2.5,1.4,2.2,4.1,12.1,11.5,0.261,0.304,0.043,0.0,0.391,0.706,1.0,0.278,11.0,0.461,0.391,0.087,11.8,14.3,13.1,9.3,2.5,2.6,14.3,13.1,0.0,0.3,0.3,0.077,-2.8,1.0,-1.8,0.0
473,Tre Scott,474,29,BRK,PF,6,4,182,5.2,13.6,0.38,1.6,5.2,0.316,3.5,8.4,0.419,0.44,1.1,1.6,0.667,2.7,5.7,8.4,2.7,2.2,1.4,1.1,3.3,13.0,12.9,0.32,0.14,0.14,0.02,0.38,0.692,0.833,0.368,9.4,0.456,0.38,0.12,6.1,14.2,9.9,8.2,2.2,2.6,7.1,13.6,-0.1,0.1,0.1,0.025,-4.2,-1.1,-5.3,-0.2
474,Jeff Green,475,39,HOU,PF,30,0,175,7.1,19.4,0.368,3.4,12.6,0.273,3.7,6.9,0.542,0.456,1.4,1.4,1.0,2.0,5.1,7.1,2.3,0.6,0.6,1.1,3.4,19.1,19.9,0.118,0.088,0.074,0.074,0.647,0.538,0.917,0.341,8.5,0.477,0.647,0.074,4.5,11.2,7.9,6.2,0.6,1.1,5.4,17.8,0.1,0.1,0.2,0.054,-3.4,-2.2,-5.6,-0.2
475,Mason Plumlee,476,35,2TM,C,20,3,172,3.1,4.0,0.786,0.0,0.0,0.0,3.1,4.0,0.786,0.786,2.6,4.0,0.643,4.9,10.3,15.1,5.7,2.9,0.0,3.4,4.9,8.9,1.2,0.857,0.143,0.0,0.0,0.0,0.818,0.0,0.0,13.0,0.769,0.0,1.0,11.2,23.0,17.2,14.7,2.8,0.0,37.3,7.9,0.2,0.3,0.5,0.146,-2.0,2.6,0.5,0.1
476,Andersson Garcia,477,25,UTA,SF,5,2,169,2.5,8.1,0.31,0.3,3.6,0.077,2.2,4.4,0.5,0.328,1.9,2.5,0.778,4.7,6.9,11.7,3.9,2.2,1.1,1.9,4.4,7.2,12.9,0.241,0.31,0.0,0.0,0.448,0.625,1.0,0.308,8.3,0.394,0.448,0.31,10.6,16.4,13.4,10.0,2.2,2.3,17.5,9.7,0.0,0.1,0.1,0.014,-5.2,-0.5,-5.7,-0.2
477,Tyler Smith,478,21,DAL,PF,12,0,166,6.0,14.2,0.42,2.8,9.9,0.286,3.1,4.3,0.733,0.52,1.1,1.7,0.667,3.4,6.0,9.4,1.4,1.7,0.0,1.7,3.7,15.9,18.1,0.22,0.06,0.0,0.02,0.7,0.545,1.0,0.486,9.6,0.532,0.7,0.12,7.7,13.3,10.5,4.1,1.7,0.0,10.2,14.8,0.0,0.1,0.1,0.043,-3.3,-1.6,-4.8,-0.1
478,Hunter Tyson,479,25,DEN,PF,21,2,162,4.2,15.7,0.269,2.1,9.9,0.212,2.1,5.7,0.368,0.337,3.3,3.9,0.846,1.2,9.6,10.8,5.1,0.6,0.3,1.5,3.9,13.9,18.1,0.135,0.173,0.019,0.038,0.635,0.714,0.857,0.212,6.4,0.398,0.635,0.25,2.9,21.1,12.4,13.0,0.6,0.6,8.0,16.8,-0.2,0.1,0.0,-0.013,-5.2,-1.6,-6.8,-0.2
479,Nikola Topić,480,20,OKC,PG,10,2,160,6.6,15.4,0.431,1.8,4.5,0.4,4.8,10.9,0.444,0.49,0.6,1.5,0.4,2.1,3.6,5.7,13.3,1.5,0.0,7.6,3.9,15.7,10.9,0.235,0.392,0.078,0.0,0.294,0.5,0.833,0.067,8.1,0.489,0.294,0.098,4.9,7.8,6.4,36.5,1.5,0.0,32.0,21.2,-0.3,0.2,0.0,-0.014,-5.3,-3.2,-8.4,-0.3
480,Kevin McCullar Jr.,481,24,NYK,SF,21,0,155,6.4,15.0,0.426,2.6,7.7,0.333,3.8,7.4,0.522,0.511,0.6,1.6,0.4,3.5,5.4,9.0,6.4,2.9,0.0,3.8,7.0,16.0,16.0,0.255,0.128,0.021,0.085,0.511,0.583,0.75,0.25,9.9,0.508,0.511,0.106,7.9,12.3,10.1,17.0,2.9,0.0,19.6,16.9,0.0,0.2,0.2,0.059,-3.7,1.0,-2.8,0.0
481,Walker Kessler,482,24,UTA,C,5,5,154,7.9,11.3,0.703,1.8,2.4,0.75,6.1,8.8,0.69,0.784,4.3,6.1,0.7,7.0,9.4,16.5,4.6,2.1,2.7,4.9,6.7,21.9,7.5,0.459,0.324,0.0,0.0,0.216,0.6,1.0,0.25,20.6,0.786,0.216,0.541,15.7,22.3,18.9,13.7,2.1,5.6,25.9,16.5,0.3,0.1,0.5,0.148,1.6,1.7,3.3,0.2
482,Joe Ingles,483,38,MIN,SF,27,2,153,5.0,8.4,0.593,2.2,5.0,0.438,2.8,3.4,0.818,0.722,0.6,0.6,1.0,0.0,5.9,5.9,10.6,2.8,0.6,4.4,2.8,12.8,17.8,0.222,0.074,0.0,0.111,0.593,0.778,0.714,0.188,13.0,0.735,0.593,0.074,0.0,13.4,6.8,28.5,2.8,1.1,33.4,11.5,0.2,0.2,0.4,0.12,-1.2,1.4,0.2,0.1
483,Charles Bassey,484,25,4TM,C,13,0,153,9.8,14.9,0.66,0.0,0.0,0.0,9.8,14.9,0.66,0.66,4.4,6.3,0.7,7.3,10.8,18.1,2.2,1.3,3.5,1.9,6.0,24.1,3.1,0.489,0.362,0.149,0.0,0.0,0.71,0.0,0.0,22.7,0.681,0.0,0.426,16.4,25.0,20.6,6.8,1.3,6.7,9.7,17.2,0.4,0.2,0.7,0.211,1.4,0.5,1.9,0.2
484,Adou Thiero,485,21,LAL,SF,25,0,149,5.2,10.2,0.516,0.3,1.0,0.333,4.9,9.2,0.536,0.532,4.6,7.2,0.636,2.9,6.2,9.2,3.3,2.3,0.7,2.9,6.2,15.4,5.2,0.548,0.355,0.0,0.0,0.097,0.867,1.0,0.0,10.7,0.578,0.097,0.71,7.3,14.4,11.0,8.7,2.3,1.2,18.1,14.6,0.1,0.2,0.2,0.071,-4.2,-0.2,-4.4,-0.1
485,Thanasis Antetokounmpo,486,33,MIL,SF,34,0,148,5.0,10.6,0.469,0.0,1.3,0.0,5.0,9.3,0.536,0.469,5.6,10.0,0.567,4.0,6.0,10.0,5.0,4.3,2.0,3.3,6.0,15.6,6.4,0.469,0.375,0.0,0.031,0.125,0.667,0.0,0.75,14.0,0.52,0.125,0.938,9.2,13.7,11.5,13.6,4.3,4.0,18.1,16.5,0.0,0.2,0.2,0.076,-3.5,1.8,-1.7,0.0
486,Alijah Martin,487,24,TOR,SG,23,0,146,5.3,16.7,0.32,1.3,7.0,0.19,4.0,9.7,0.414,0.36,5.0,6.3,0.789,3.0,4.0,7.0,4.0,2.7,1.3,2.7,4.0,17.0,13.6,0.3,0.16,0.12,0.0,0.42,0.583,1.0,0.238,9.2,0.437,0.42,0.38,6.9,9.4,8.2,10.6,2.7,2.6,12.1,19.5,-0.2,0.2,0.0,0.015,-4.6,0.2,-4.3,-0.1
487,Amari Williams,488,24,BOS,PF,22,2,146,3.5,6.9,0.5,0.0,0.0,0.0,3.5,6.9,0.5,0.5,3.5,4.9,0.714,3.1,10.7,13.9,3.5,1.0,3.5,3.8,6.6,10.4,3.4,0.5,0.45,0.05,0.0,0.0,0.8,0.0,0.0,9.7,0.573,0.0,0.7,6.9,22.8,15.1,8.5,1.0,6.9,29.6,11.1,0.0,0.3,0.2,0.077,-5.0,2.9,-2.1,0.0
488,Bismack Biyombo,489,33,SAS,C,25,1,141,3.1,5.1,0.6,0.0,0.0,0.0,3.1,5.1,0.6,0.6,1.7,2.4,0.714,1.7,7.2,8.9,1.7,1.4,0.7,2.7,9.2,7.8,3.0,0.667,0.333,0.0,0.0,0.0,0.778,0.0,0.0,4.5,0.636,0.0,0.467,3.9,15.6,9.9,4.2,1.4,1.3,30.7,7.8,0.0,0.2,0.2,0.057,-7.2,1.4,-5.8,-0.1
489,Tolu Smith,490,25,DET,PF,15,0,137,6.4,12.7,0.5,0.0,0.0,0.0,6.4,12.7,0.5,0.5,7.1,10.6,0.667,7.8,9.5,17.3,4.6,0.7,2.1,2.5,8.1,19.8,2.4,0.611,0.389,0.0,0.0,0.0,0.611,0.0,0.0,16.9,0.569,0.0,0.833,18.3,21.8,20.1,12.4,0.7,4.4,12.5,17.1,0.3,0.2,0.5,0.185,-0.9,0.9,0.0,0.1
490,Pacôme Dadiet,491,20,NYK,SG,29,0,136,5.8,17.5,0.333,2.6,11.7,0.219,3.3,5.8,0.563,0.406,3.3,4.0,0.818,1.5,8.4,9.8,4.4,1.1,0.4,1.1,2.9,17.5,19.5,0.146,0.083,0.063,0.042,0.667,0.889,1.0,0.344,9.6,0.454,0.667,0.229,3.3,19.0,11.1,11.5,1.1,0.8,5.4,17.6,0.0,0.2,0.2,0.062,-3.0,-0.2,-3.3,0.0
491,Mac McClung,492,27,2TM,SG,11,0,135,8.0,20.5,0.39,2.4,10.4,0.233,5.6,10.1,0.552,0.449,4.9,6.3,0.778,0.7,2.8,3.5,3.5,3.8,1.0,3.1,6.6,23.3,16.0,0.288,0.153,0.034,0.017,0.508,0.563,0.857,0.1,10.4,0.501,0.508,0.305,1.6,6.4,4.0,10.4,3.8,1.9,11.9,23.6,-0.2,0.1,0.0,-0.007,-5.6,0.5,-5.1,-0.1
492,Miles Kelly,493,23,DAL,PG,14,0,134,5.6,15.5,0.364,3.5,11.6,0.303,2.1,3.9,0.545,0.477,0.4,0.4,1.0,1.8,6.7,8.4,4.2,1.4,0.4,2.1,4.2,15.1,20.1,0.091,0.068,0.023,0.068,0.75,0.833,0.9,0.606,8.2,0.484,0.75,0.023,4.0,14.9,9.5,12.0,1.4,0.6,11.9,15.8,-0.1,0.1,0.0,0.013,-4.6,-0.5,-5.1,-0.1
493,Seth Curry,494,35,GSW,SG,10,0,133,8.7,17.9,0.49,4.4,9.1,0.48,4.4,8.7,0.5,0.612,4.0,4.4,0.917,1.5,2.9,4.4,3.6,1.1,0.0,0.7,2.6,25.9,20.5,0.02,0.122,0.061,0.286,0.51,0.75,1.0,0.32,16.0,0.654,0.51,0.245,3.3,6.8,5.0,11.3,1.1,0.0,3.6,18.0,0.4,0.1,0.4,0.152,1.6,-1.3,0.2,0.1
494,Bradley Beal,495,32,LAC,SG,6,6,121,7.4,19.7,0.375,2.9,7.8,0.368,4.5,11.9,0.379,0.448,2.5,3.3,0.75,0.8,1.2,2.1,4.1,1.2,0.0,3.7,5.8,20.1,16.1,0.125,0.146,0.208,0.125,0.396,0.727,1.0,0.211,5.1,0.476,0.396,0.167,2.0,2.8,2.4,12.0,1.2,0.0,14.9,22.2,-0.2,0.0,-0.2,-0.07,-6.7,-3.9,-10.6,-0.3
495,Kobe Bufkin,496,22,LAL,SG,16,1,119,6.2,20.5,0.3,2.1,10.7,0.192,4.1,9.8,0.417,0.35,4.5,4.9,0.917,0.4,4.9,5.3,4.1,0.8,1.2,2.1,3.7,18.9,17.9,0.1,0.24,0.04,0.1,0.52,0.5,0.8,0.192,6.2,0.416,0.52,0.24,1.0,11.4,6.4,11.2,0.8,2.3,8.3,22.1,-0.2,0.1,-0.1,-0.056,-6.2,-3.2,-9.4,-0.2
496,Kyle Lowry,497,39,PHI,PG,14,0,118,1.6,10.2,0.16,1.6,10.2,0.16,0.0,0.0,0.0,0.24,2.0,2.5,0.833,0.0,3.7,3.7,4.5,0.8,0.8,1.6,3.3,7.0,26.7,0.0,0.0,0.0,0.0,1.0,0.0,1.0,0.08,1.4,0.308,1.0,0.24,0.0,8.4,4.2,11.3,0.8,1.6,12.6,11.3,-0.2,0.1,-0.2,-0.062,-8.2,-2.2,-10.4,-0.3
497,Dereck Lively II,498,21,DAL,C,7,4,115,4.5,7.4,0.611,0.0,0.0,0.0,4.5,7.4,0.611,0.611,3.3,4.1,0.8,5.7,9.4,15.2,5.3,1.6,4.5,4.1,8.6,12.3,2.0,0.778,0.222,0.0,0.0,0.0,0.727,0.0,0.0,15.0,0.67,0.0,0.556,13.0,21.0,17.0,14.7,1.6,8.1,30.9,11.8,0.1,0.2,0.3,0.127,-3.0,3.6,0.6,0.1
498,Trey Alexander,499,22,NOP,SG,9,0,111,8.2,15.9,0.514,2.6,5.2,0.5,5.6,10.8,0.52,0.595,1.3,2.2,0.6,0.4,4.3,4.7,3.9,2.6,0.9,1.3,5.6,20.3,14.3,0.135,0.216,0.243,0.081,0.324,0.538,1.0,0.333,13.2,0.599,0.324,0.135,1.0,9.8,5.3,11.6,2.6,1.7,7.1,15.8,0.1,0.1,0.2,0.09,-1.5,-0.1,-1.6,0.0
499,Omer Yurtseven,500,27,GSW,C,9,0,104,5.1,12.1,0.423,0.0,1.9,0.0,5.1,10.3,0.5,0.423,5.6,8.4,0.667,6.1,7.9,14.0,3.7,0.9,0.5,4.2,7.0,15.8,7.4,0.385,0.385,0.077,0.0,0.154,0.545,0.0,0.5,9.1,0.501,0.154,0.692,13.7,18.6,16.1,10.4,0.9,0.9,21.0,17.5,0.0,0.1,0.1,0.024,-5.6,-2.0,-7.6,-0.1
500,Luke Travers,501,24,CLE,SG,12,0,103,4.2,16.8,0.25,0.5,7.5,0.063,3.7,9.3,0.4,0.264,4.2,4.2,1.0,4.2,7.0,11.2,4.2,3.3,1.9,1.4,2.8,13.1,12.7,0.361,0.167,0.0,0.028,0.444,0.625,1.0,0.25,10.2,0.35,0.444,0.25,9.7,16.0,12.8,10.8,3.3,3.7,7.0,17.5,-0.1,0.2,0.1,0.024,-4.2,1.0,-3.2,0.0
501,Patrick Baldwin Jr.,502,23,3TM,SF,9,1,102,5.2,12.8,0.407,2.9,6.7,0.429,2.4,6.2,0.385,0.519,2.4,3.3,0.714,5.7,5.2,10.9,2.4,1.4,2.4,2.4,7.1,15.7,18.1,0.185,0.259,0.037,0.0,0.519,0.4,1.0,0.286,11.8,0.549,0.519,0.259,12.8,12.3,12.6,6.4,1.4,4.5,14.3,14.7,0.0,0.1,0.1,0.05,-2.9,-1.5,-4.4,-0.1
502,Alondes Williams,503,26,WAS,SG,4,0,101,7.5,12.2,0.615,2.3,6.6,0.357,5.2,5.6,0.917,0.712,3.3,3.8,0.875,2.3,9.4,11.7,5.6,1.4,1.4,2.3,1.9,20.6,15.6,0.385,0.038,0.0,0.038,0.538,0.727,1.0,0.286,19.1,0.745,0.538,0.308,5.2,21.7,13.3,16.8,1.4,2.6,14.5,14.3,0.3,0.0,0.3,0.155,1.5,-0.5,1.1,0.1
503,Taj Gibson,504,40,MEM,C,10,1,97,5.9,12.7,0.462,1.5,2.9,0.5,4.4,9.8,0.45,0.519,3.4,3.9,0.875,5.4,7.8,13.2,2.9,1.0,0.5,0.5,6.8,16.6,10.7,0.269,0.308,0.154,0.038,0.231,0.889,1.0,0.833,13.6,0.576,0.231,0.308,12.1,18.2,15.1,8.4,1.0,0.9,3.3,13.1,0.2,0.1,0.3,0.134,-1.4,-2.1,-3.5,0.0
504,Javonte Cooke,505,26,POR,SG,19,0,94,4.6,20.8,0.22,1.5,11.7,0.13,3.0,9.1,0.333,0.256,1.0,1.0,1.0,2.0,7.6,9.7,3.6,3.0,0.0,4.6,3.0,11.7,16.6,0.171,0.244,0.024,0.0,0.561,0.5,0.667,0.217,-0.1,0.275,0.561,0.049,4.5,17.5,11.0,9.9,3.0,0.0,17.7,22.0,-0.5,0.1,-0.3,-0.175,-10.5,-1.1,-11.7,-0.2
505,Chris Boucher,506,33,BOS,PF,9,0,94,4.3,13.5,0.32,1.1,8.1,0.133,3.2,5.4,0.6,0.36,1.6,2.2,0.75,1.1,8.6,9.7,1.6,2.7,3.8,0.5,9.2,11.3,16.8,0.24,0.12,0.0,0.04,0.6,0.667,1.0,0.2,7.7,0.392,0.6,0.16,2.4,18.3,10.5,4.0,2.7,7.5,3.6,12.8,-0.1,0.2,0.1,0.064,-5.9,2.7,-3.1,0.0
506,Isaiah Crawford,507,24,HOU,SF,14,0,92,5.4,13.0,0.417,1.6,7.1,0.231,3.8,6.0,0.636,0.479,2.7,3.3,0.833,1.6,7.1,8.7,2.7,1.1,1.6,2.2,2.2,15.2,16.0,0.292,0.042,0.042,0.083,0.542,0.714,1.0,0.692,9.8,0.526,0.542,0.25,3.7,15.4,9.6,7.0,1.1,3.0,13.1,14.0,0.0,0.1,0.1,0.069,-3.0,0.1,-3.0,0.0
507,Haywood Highsmith,508,29,PHO,SF,7,0,91,6.5,12.5,0.522,4.3,7.6,0.571,2.2,4.9,0.444,0.696,3.3,3.8,0.857,3.3,3.8,7.1,3.8,2.2,0.0,0.0,4.9,20.6,17.7,0.13,0.217,0.043,0.0,0.609,0.75,0.875,0.143,17.6,0.729,0.609,0.304,7.1,8.8,7.9,10.7,2.2,0.0,0.0,12.2,0.4,0.1,0.5,0.238,2.7,1.2,3.8,0.1
508,Johnny Juzang,509,24,MIN,SG,21,0,88,8.7,20.6,0.421,3.3,13.0,0.25,5.4,7.6,0.714,0.5,2.7,4.3,0.625,2.7,6.5,9.2,3.3,1.1,0.5,2.7,1.6,23.3,19.1,0.105,0.079,0.132,0.053,0.632,0.2,0.667,0.375,12.1,0.518,0.632,0.211,6.4,14.7,10.6,9.7,1.1,1.0,10.7,22.3,0.0,0.1,0.1,0.038,-1.6,-1.7,-3.3,0.0
509,TyTy Washington Jr.,510,24,LAC,PG,16,0,88,5.1,10.7,0.474,1.7,4.5,0.375,3.4,6.2,0.545,0.553,0.0,0.0,0.0,0.6,2.8,3.4,9.6,3.4,1.7,1.7,4.0,11.9,14.8,0.158,0.316,0.105,0.0,0.421,0.5,0.667,0.125,13.4,0.553,0.421,0.0,1.4,6.4,4.0,26.2,3.4,3.2,13.6,11.1,0.1,0.1,0.2,0.121,-0.8,2.6,1.9,0.1
510,Curtis Jones,511,24,DEN,SG,10,0,88,6.1,15.0,0.407,3.3,10.0,0.333,2.8,5.0,0.556,0.519,0.6,1.1,0.5,1.1,5.0,6.1,5.5,2.2,0.0,1.1,3.3,16.1,20.1,0.037,0.222,0.074,0.0,0.667,0.8,0.667,0.111,10.8,0.52,0.667,0.074,2.7,10.9,7.0,14.7,2.2,0.0,6.7,14.7,0.1,0.1,0.1,0.072,-3.0,-0.5,-3.5,0.0
511,Tristan Enaruna,512,24,CLE,SF,9,0,85,7.9,15.8,0.5,1.7,5.7,0.3,6.2,10.2,0.611,0.554,3.4,4.5,0.75,4.0,4.0,7.9,4.0,2.8,0.0,1.7,1.7,20.9,10.4,0.393,0.214,0.036,0.0,0.357,0.727,1.0,0.6,16.2,0.587,0.357,0.286,9.1,9.0,9.1,11.2,2.8,0.0,8.7,17.1,0.2,0.1,0.2,0.137,-0.5,-0.4,-1.0,0.0
512,Koby Brea,513,23,PHO,SG,12,0,84,8.8,21.2,0.417,7.6,17.6,0.433,1.2,3.5,0.333,0.597,1.2,1.2,1.0,0.6,4.1,4.7,5.9,0.6,0.0,2.4,3.5,26.5,22.7,0.083,0.028,0.056,0.0,0.833,0.0,0.846,0.167,13.6,0.61,0.833,0.056,1.3,9.6,5.3,17.7,0.6,0.0,9.8,20.7,0.2,0.1,0.2,0.117,1.7,-1.4,0.2,0.0
513,Trey Jemison,514,26,NYK,C,13,0,82,3.6,6.0,0.6,0.0,0.0,0.0,3.6,6.0,0.6,0.6,0.6,0.6,1.0,4.8,6.0,10.9,3.0,0.6,1.2,6.0,6.7,7.9,7.0,0.1,0.6,0.3,0.0,0.0,1.0,0.0,0.0,4.3,0.623,0.0,0.1,10.9,13.7,12.3,7.5,0.6,2.5,48.9,10.7,-0.1,0.1,0.0,-0.018,-8.3,-0.3,-8.6,-0.1
514,Josh Oduro,515,25,NOP,PF,3,1,82,6.4,9.9,0.647,0.0,1.2,0.0,6.4,8.8,0.733,0.647,1.8,3.5,0.5,6.4,7.0,13.4,2.3,0.0,0.0,1.2,8.2,14.6,6.7,0.529,0.235,0.118,0.0,0.118,0.545,0.0,0.5,11.8,0.636,0.118,0.353,14.3,15.9,15.1,6.6,0.0,0.0,9.2,11.0,0.2,0.0,0.2,0.109,-3.5,-4.3,-7.7,-0.1
515,Caleb Houstan,516,23,ATL,SF,18,0,75,8.8,16.4,0.538,6.9,13.2,0.524,1.9,3.1,0.6,0.75,1.9,1.9,1.0,3.1,3.8,6.9,2.5,1.3,0.6,2.5,6.9,26.4,21.0,0.077,0.115,0.0,0.0,0.808,1.0,1.0,0.333,16.4,0.769,0.808,0.115,7.1,8.8,8.0,7.4,1.3,1.2,12.8,17.4,0.2,0.1,0.2,0.16,1.6,-1.2,0.3,0.0
516,Eric Gordon,517,37,PHI,SG,6,0,74,7.8,13.7,0.571,5.2,9.1,0.571,2.6,4.6,0.571,0.762,0.7,1.3,0.5,0.7,0.7,1.3,2.0,2.6,0.7,2.0,2.0,21.5,18.9,0.238,0.095,0.0,0.0,0.667,0.75,1.0,0.143,14.4,0.754,0.667,0.095,1.5,1.5,1.5,5.8,2.6,1.3,12.1,14.2,0.1,0.1,0.2,0.116,2.1,0.3,2.4,0.1
517,Keshon Gilbert,518,22,2TM,SG,4,0,74,3.2,7.7,0.417,0.0,1.9,0.0,3.2,5.8,0.556,0.417,4.5,4.5,1.0,1.3,1.9,3.2,7.7,1.9,2.6,5.1,3.2,10.9,11.0,0.333,0.333,0.083,0.0,0.25,0.4,0.0,0.333,8.5,0.564,0.25,0.583,2.9,4.4,3.6,21.0,1.9,4.8,34.7,13.0,0.0,0.0,0.0,-0.005,-4.1,-0.4,-4.6,0.0
518,Garrett Temple,519,39,TOR,SG,22,0,73,2.7,10.0,0.267,2.0,8.0,0.25,0.7,2.0,0.333,0.367,4.0,6.0,0.667,0.7,5.3,6.0,6.0,2.7,1.3,4.7,4.0,11.4,22.0,0.0,0.133,0.067,0.0,0.8,0.0,1.0,0.333,5.7,0.448,0.8,0.6,1.5,12.5,7.0,14.9,2.7,2.6,27.0,15.3,-0.1,0.1,0.0,-0.022,-5.9,1.0,-4.9,-0.1
519,David Roddy,520,24,DEN,PF,5,0,73,10.0,20.1,0.5,2.0,7.4,0.273,8.0,12.7,0.632,0.55,4.7,4.7,1.0,5.3,8.0,13.4,2.7,2.7,0.7,1.3,4.7,26.7,10.6,0.5,0.133,0.0,0.0,0.367,0.25,1.0,0.182,20.4,0.605,0.367,0.233,12.9,17.6,15.3,7.9,2.7,1.3,5.7,20.9,0.2,0.1,0.3,0.185,0.7,-0.7,0.0,0.0
520,Bobi Klintman,521,22,DET,SF,12,0,71,6.1,18.4,0.333,2.7,8.9,0.308,3.4,9.5,0.357,0.407,0.0,2.0,0.0,3.4,9.5,12.9,4.1,2.0,0.0,4.1,7.5,15.0,15.2,0.111,0.37,0.0,0.037,0.481,0.8,1.0,0.308,4.5,0.388,0.481,0.111,8.0,21.8,15.0,10.9,2.0,0.0,17.5,20.1,-0.2,0.1,-0.1,-0.043,-7.7,-1.0,-8.7,-0.1
521,David Jones García,522,24,SAS,SF,11,0,68,9.2,17.7,0.52,2.1,3.5,0.6,7.1,14.1,0.5,0.58,2.1,4.2,0.5,2.8,6.4,9.2,12.7,4.2,0.7,3.5,4.2,22.6,7.7,0.52,0.28,0.0,0.0,0.2,0.1,0.667,0.0,20.9,0.579,0.2,0.24,6.5,13.8,10.3,37.2,4.2,1.3,15.3,20.2,0.1,0.1,0.3,0.205,2.6,3.8,6.4,0.1
522,Antonio Reeves,523,25,CHO,SG,10,0,68,7.3,14.6,0.5,5.1,9.5,0.538,2.2,5.1,0.429,0.675,0.0,0.0,0.0,1.5,4.4,5.8,2.2,0.7,0.0,0.7,2.2,19.7,18.3,0.15,0.1,0.1,0.0,0.65,0.667,1.0,0.462,12.4,0.675,0.65,0.0,3.4,9.8,6.6,6.3,0.7,0.0,4.8,13.1,0.1,0.0,0.2,0.13,1.2,0.1,1.3,0.1
523,Kadary Richmond,524,24,WAS,SG,3,0,67,7.1,11.3,0.625,1.4,2.8,0.5,5.7,8.5,0.667,0.688,2.1,2.1,1.0,0.7,6.4,7.1,5.7,5.7,0.7,1.4,1.4,17.7,9.1,0.438,0.25,0.063,0.0,0.25,0.5,1.0,0.25,20.0,0.722,0.25,0.188,1.6,14.7,8.0,16.6,5.7,1.3,10.4,12.0,0.2,0.1,0.2,0.175,-0.8,4.4,3.6,0.1
524,Monte Morris,525,30,IND,PG,6,0,65,5.1,14.6,0.35,1.5,5.8,0.25,3.7,8.8,0.417,0.4,1.5,2.9,0.5,0.7,4.4,5.1,6.6,0.7,0.7,1.5,2.2,13.2,13.8,0.25,0.2,0.1,0.05,0.4,0.6,1.0,0.375,6.9,0.414,0.4,0.2,1.6,10.3,5.9,18.7,0.7,1.3,8.4,15.5,-0.1,0.0,0.0,-0.028,-4.5,-1.4,-5.9,-0.1
525,Drew Peterson,526,26,CHO,PF,6,0,64,1.5,12.4,0.125,0.0,9.3,0.0,1.5,3.1,0.5,0.125,0.8,1.5,0.5,2.3,4.6,7.0,1.5,2.3,0.8,0.0,2.3,3.9,20.2,0.188,0.063,0.0,0.0,0.75,0.5,0.0,0.417,0.6,0.148,0.75,0.125,5.4,10.4,7.9,3.8,2.3,1.4,0.0,11.2,-0.2,0.1,-0.1,-0.077,-8.3,-1.5,-9.8,-0.1
526,Payton Sandfort,527,23,OKC,SF,4,0,63,10.0,20.0,0.5,5.4,13.0,0.412,4.6,6.9,0.667,0.635,1.5,3.1,0.5,0.8,6.9,7.7,0.0,0.8,0.0,0.8,6.1,26.9,17.2,0.154,0.192,0.0,0.0,0.654,0.833,1.0,0.471,13.1,0.63,0.654,0.154,1.8,14.9,8.6,0.0,0.8,0.0,3.5,19.8,0.1,0.1,0.2,0.125,-2.5,-3.3,-5.8,-0.1
527,Dalano Banton,528,26,2TM,PG,6,0,62,3.3,9.8,0.333,0.0,0.8,0.0,3.3,9.0,0.364,0.333,3.3,3.3,1.0,1.6,2.4,4.1,9.0,1.6,4.1,6.5,2.4,9.8,6.8,0.25,0.5,0.167,0.0,0.083,0.25,0.0,0.0,7.0,0.436,0.083,0.333,3.7,5.2,4.5,22.9,1.6,8.1,36.8,15.3,-0.1,0.1,-0.1,-0.044,-5.3,1.3,-4.0,0.0
528,Wendell Moore Jr.,529,24,DET,SG,6,0,60,3.2,5.6,0.571,0.0,0.8,0.0,3.2,4.8,0.667,0.571,1.6,1.6,1.0,0.8,4.0,4.8,3.2,1.6,1.6,0.8,2.4,8.1,5.8,0.286,0.571,0.0,0.0,0.143,0.5,0.0,1.0,8.9,0.635,0.143,0.286,1.9,9.2,5.6,8.0,1.6,3.3,11.3,6.2,0.1,0.1,0.1,0.116,-3.0,1.8,-1.3,0.0
529,DaQuan Jeffries,530,28,SAC,SG,3,0,60,8.9,15.3,0.579,3.2,7.3,0.444,5.6,8.1,0.7,0.684,4.0,4.0,1.0,2.4,1.6,4.0,0.8,1.6,0.0,0.0,7.3,25.0,12.8,0.421,0.105,0.0,0.0,0.474,0.857,1.0,0.444,16.3,0.731,0.474,0.263,5.4,3.8,4.7,2.5,1.6,0.0,0.0,15.0,0.2,0.0,0.2,0.165,0.9,-1.1,-0.2,0.0
530,Jahmir Young,531,25,MIA,PG,14,0,58,8.0,20.0,0.4,2.4,7.2,0.333,5.6,12.8,0.438,0.46,1.6,1.6,1.0,1.6,1.6,3.2,7.2,0.8,0.0,2.4,5.6,20.0,12.9,0.24,0.2,0.2,0.0,0.36,0.571,1.0,0.333,8.5,0.483,0.36,0.08,3.6,3.6,3.6,21.1,0.8,0.0,10.4,20.3,0.0,0.0,0.0,0.016,-4.8,-1.9,-6.7,-0.1
531,James Wiseman,532,24,IND,C,4,1,58,4.9,8.2,0.6,0.0,0.0,0.0,4.9,8.2,0.6,0.6,0.8,1.6,0.5,4.1,2.5,6.6,2.5,0.0,0.8,4.1,8.2,10.7,4.6,0.5,0.4,0.0,0.1,0.0,0.667,0.0,0.0,4.1,0.597,0.0,0.2,9.2,5.8,7.5,7.0,0.0,1.5,31.5,11.6,0.0,0.0,0.0,-0.028,-8.0,-1.0,-9.0,-0.1
532,Riley Minix,533,25,2TM,SF,9,0,58,11.6,19.1,0.609,3.3,9.9,0.333,8.3,9.1,0.909,0.696,2.5,2.5,1.0,1.7,3.3,5.0,4.1,1.7,0.8,2.5,4.1,29.0,14.2,0.304,0.13,0.0,0.043,0.522,0.4,1.0,0.583,19.1,0.72,0.522,0.13,3.8,7.5,5.6,14.1,1.7,1.6,11.0,19.8,0.1,0.1,0.2,0.162,1.9,-0.1,1.8,0.1
533,Johni Broome,534,23,PHI,C,11,0,55,3.5,21.1,0.167,0.0,4.4,0.0,3.5,16.7,0.211,0.167,1.8,5.3,0.333,6.1,7.9,14.0,3.5,2.6,1.8,2.6,6.1,8.8,9.0,0.333,0.333,0.125,0.0,0.208,0.25,0.0,0.2,0.4,0.188,0.208,0.25,13.7,18.1,15.9,9.2,2.6,3.4,10.1,22.8,-0.3,0.1,-0.2,-0.212,-11.9,-4.4,-16.2,-0.2
534,Cody Martin,535,30,IND,SF,4,0,55,1.7,8.6,0.2,0.0,4.3,0.0,1.7,4.3,0.4,0.2,2.6,5.2,0.5,0.9,11.2,12.1,1.7,3.5,1.7,3.5,4.3,6.0,15.5,0.1,0.3,0.1,0.0,0.5,0.5,0.0,0.4,3.0,0.277,0.5,0.6,1.9,26.3,13.8,4.5,3.5,3.1,24.0,12.8,-0.2,0.1,-0.1,-0.103,-10.1,2.1,-8.0,-0.1
535,Lawson Lovering,536,22,MEM,C,2,1,49,5.8,9.7,0.6,0.0,0.0,0.0,5.8,9.7,0.6,0.6,1.9,4.8,0.4,5.8,8.7,14.5,2.9,2.9,1.0,1.9,6.8,13.5,2.6,0.5,0.5,0.0,0.0,0.0,0.667,0.0,0.0,13.7,0.574,0.0,0.5,13.0,20.2,16.6,8.3,2.9,1.9,14.1,12.1,0.1,0.1,0.1,0.106,-3.7,0.1,-3.6,0.0
536,Chris Mañon,537,24,LAL,SG,9,0,46,2.1,6.4,0.333,0.0,3.2,0.0,2.1,3.2,0.667,0.333,3.2,4.2,0.75,2.1,8.5,10.6,3.2,5.3,2.1,1.1,6.4,7.4,14.3,0.333,0.167,0.0,0.0,0.5,0.5,0.0,0.333,11.7,0.451,0.5,0.667,5.3,19.7,12.7,7.8,5.3,4.0,11.4,8.3,0.0,0.1,0.1,0.115,-4.6,4.7,0.1,0.0
537,Mouhamadou Gueye,538,27,CHI,PF,2,0,45,6.2,11.4,0.545,1.0,5.2,0.2,5.2,6.2,0.833,0.591,3.1,4.2,0.75,2.1,4.2,6.2,6.2,2.1,1.0,3.1,4.2,16.6,11.4,0.545,0.0,0.0,0.0,0.455,0.8,1.0,0.6,12.8,0.627,0.455,0.364,4.8,9.3,7.1,17.9,2.1,1.9,19.0,14.6,0.0,0.0,0.1,0.086,-2.2,-1.7,-3.9,0.0
538,Mo Bamba,539,27,2TM,C,4,0,44,5.4,11.8,0.455,0.0,0.0,0.0,5.4,11.8,0.455,0.455,0.0,0.0,0.0,10.7,12.9,23.6,1.1,0.0,3.2,2.1,6.4,10.7,2.8,0.727,0.091,0.182,0.0,0.0,0.8,0.0,0.0,12.9,0.455,0.0,0.0,24.1,30.3,27.1,3.0,0.0,6.6,15.4,12.2,0.0,0.0,0.1,0.056,-4.3,-3.6,-8.0,-0.1
539,Zyon Pullin,540,24,MIN,SG,5,0,43,10.0,14.4,0.692,1.1,3.3,0.333,8.9,11.1,0.8,0.731,4.4,4.4,1.0,1.1,2.2,3.3,10.0,1.1,0.0,3.3,6.7,25.5,10.2,0.308,0.462,0.0,0.0,0.231,0.25,1.0,0.0,18.8,0.779,0.231,0.308,2.6,5.0,3.8,31.0,1.1,0.0,16.9,17.4,0.2,0.0,0.2,0.222,0.2,-1.3,-1.1,0.0
540,Isaiah Stevens,541,25,SAC,PG,3,0,43,3.4,7.9,0.429,0.0,1.1,0.0,3.4,6.7,0.5,0.429,4.5,4.5,1.0,2.2,1.1,3.4,11.2,5.6,0.0,2.2,2.2,11.2,8.5,0.429,0.286,0.143,0.0,0.143,0.667,0.0,0.0,16.5,0.571,0.143,0.571,5.1,2.7,3.9,29.3,5.6,0.0,18.6,10.6,0.1,0.0,0.1,0.133,-1.2,3.4,2.2,0.0
541,John Tonje,542,24,BOS,SG,6,0,42,4.8,16.9,0.286,3.6,12.1,0.3,1.2,4.8,0.25,0.393,4.8,4.8,1.0,0.0,7.2,7.2,2.4,2.4,0.0,0.0,6.0,18.1,19.6,0.143,0.143,0.0,0.0,0.714,1.0,1.0,0.2,9.1,0.476,0.714,0.286,0.0,15.4,7.9,6.1,2.4,0.0,0.0,16.3,0.0,0.1,0.1,0.101,-6.3,1.2,-5.1,0.0
542,Hunter Dickinson,543,25,NOP,C,5,0,42,5.7,15.9,0.357,0.0,4.6,0.0,5.7,11.4,0.5,0.357,2.3,2.3,1.0,2.3,3.4,5.7,2.3,1.1,2.3,3.4,6.8,13.7,12.9,0.0,0.571,0.143,0.0,0.286,0.8,0.0,0.25,3.8,0.403,0.286,0.143,5.1,7.8,6.4,6.3,1.1,4.5,16.8,17.7,-0.1,0.0,-0.1,-0.094,-8.4,-2.9,-11.4,-0.1
543,Dario Šarić,544,31,SAC,C,5,0,41,1.2,7.1,0.167,1.2,3.5,0.333,0.0,3.5,0.0,0.25,2.4,2.4,1.0,1.2,5.9,7.1,2.4,0.0,0.0,2.4,3.5,5.9,15.3,0.333,0.0,0.0,0.167,0.5,0.0,1.0,0.667,0.6,0.363,0.5,0.333,2.7,14.0,8.2,5.8,0.0,0.0,22.5,9.2,-0.1,0.0,-0.1,-0.081,-6.7,-2.3,-9.0,-0.1
544,CJ Huntley,545,24,PHO,SF,4,0,40,7.4,13.6,0.545,0.0,3.7,0.0,7.4,9.9,0.75,0.545,0.0,0.0,0.0,2.5,3.7,6.2,2.5,1.2,0.0,0.0,2.5,14.8,9.7,0.545,0.091,0.0,0.091,0.273,1.0,0.0,0.333,10.9,0.545,0.273,0.0,5.4,8.6,6.9,7.1,1.2,0.0,0.0,11.7,0.1,0.0,0.1,0.099,-3.9,-0.5,-4.4,0.0
545,Dillon Jones,546,24,NYK,SF,7,0,39,2.5,11.4,0.222,1.3,6.4,0.2,1.3,5.1,0.25,0.278,5.1,5.1,1.0,2.5,6.4,8.9,5.1,3.8,0.0,0.0,7.6,11.4,18.3,0.222,0.0,0.222,0.0,0.556,0.0,1.0,0.2,10.3,0.418,0.556,0.444,5.7,14.4,10.0,12.3,3.8,0.0,0.0,11.8,0.0,0.1,0.1,0.134,-5.4,2.8,-2.6,0.0
546,Olivier Sarr,547,26,CLE,C,4,0,39,6.2,8.6,0.714,2.5,3.7,0.667,3.7,4.9,0.75,0.857,2.5,6.2,0.4,2.5,11.1,13.6,6.2,2.5,3.7,2.5,11.1,17.3,11.6,0.571,0.0,0.0,0.0,0.429,0.667,1.0,0.0,17.5,0.761,0.429,0.714,5.7,25.3,15.5,16.6,2.5,7.3,17.9,12.1,0.1,0.1,0.2,0.203,-1.7,4.3,2.6,0.0
547,Skal Labissière,548,29,WAS,PF,3,0,38,7.5,12.5,0.6,1.2,6.2,0.2,6.2,6.2,1.0,0.65,0.0,0.0,0.0,3.7,7.5,11.2,3.7,2.5,1.2,1.2,3.7,16.2,16.5,0.2,0.1,0.1,0.1,0.5,1.0,1.0,0.2,16.3,0.65,0.5,0.0,8.3,17.3,12.7,11.1,2.5,2.3,9.1,12.1,0.1,0.0,0.1,0.12,-0.1,0.4,0.3,0.0
548,Enrique Freeman,549,25,MIN,PF,4,0,37,5.2,10.3,0.5,2.6,5.2,0.5,2.6,5.2,0.5,0.625,3.9,5.2,0.75,2.6,10.3,12.9,2.6,2.6,3.9,2.6,6.5,16.8,16.3,0.25,0.0,0.125,0.125,0.5,1.0,1.0,0.75,15.6,0.666,0.5,0.5,6.1,23.3,14.8,7.0,2.6,7.0,17.0,13.4,0.0,0.1,0.1,0.162,-1.5,1.5,0.0,0.0
549,Max Shulga,550,23,BOS,SG,11,1,36,2.8,11.2,0.25,1.4,5.6,0.25,1.4,5.6,0.25,0.313,2.8,2.8,1.0,4.2,4.2,8.4,2.8,1.4,0.0,4.2,14.1,9.8,19.3,0.125,0.125,0.125,0.125,0.5,1.0,1.0,0.0,0.2,0.394,0.5,0.25,9.4,9.0,9.2,6.8,1.4,0.0,25.3,14.3,-0.1,0.0,0.0,-0.038,-10.9,-0.5,-11.5,-0.1
550,Markelle Fultz,551,27,TOR,PG,5,0,36,2.7,14.9,0.182,0.0,0.0,0.0,2.7,14.9,0.182,0.182,0.0,0.0,0.0,0.0,1.4,1.4,10.8,2.7,0.0,5.4,2.7,5.4,10.6,0.091,0.364,0.364,0.182,0.0,0.5,0.0,0.0,-2.0,0.182,0.0,0.0,0.0,3.2,1.6,26.8,2.7,0.0,26.7,17.9,-0.2,0.0,-0.2,-0.209,-12.3,-4.0,-16.3,-0.1
551,Rocco Zikarsky,552,19,MIN,C,5,0,36,6.6,10.6,0.625,0.0,0.0,0.0,6.6,10.6,0.625,0.625,5.3,5.3,1.0,2.7,15.9,18.6,2.7,0.0,6.6,1.3,4.0,18.6,5.7,0.5,0.375,0.0,0.125,0.0,1.0,0.0,0.0,21.0,0.717,0.0,0.5,6.2,35.9,21.4,7.5,0.0,12.0,9.3,12.6,0.1,0.1,0.2,0.237,0.7,1.7,2.4,0.0
552,Isaac Jones,553,25,2TM,PF,7,1,36,4.0,9.4,0.429,0.0,2.7,0.0,4.0,6.7,0.6,0.429,4.0,5.4,0.75,2.7,4.0,6.7,1.3,0.0,1.3,1.3,5.4,12.1,10.6,0.571,0.143,0.0,0.0,0.286,0.333,0.0,0.5,6.4,0.514,0.286,0.571,6.0,9.2,7.8,3.5,0.0,2.8,10.2,11.3,0.0,0.0,0.0,0.038,-5.9,-2.2,-8.1,-0.1
553,Grant Nelson,554,23,BRK,PF,4,0,35,7.1,12.7,0.556,0.0,0.0,0.0,7.1,12.7,0.556,0.556,9.9,14.1,0.7,1.4,7.1,8.5,7.1,1.4,7.1,5.7,8.5,24.0,4.1,0.556,0.333,0.111,0.0,0.0,1.0,0.0,0.0,17.6,0.634,0.0,1.111,3.1,17.6,10.0,22.5,1.4,13.3,23.0,21.7,0.0,0.1,0.1,0.098,-2.6,4.8,2.2,0.0
554,Emanuel Miller,555,25,CHI,PF,5,0,33,8.5,18.4,0.462,2.8,8.5,0.333,5.7,9.9,0.571,0.538,1.4,2.8,0.5,1.4,2.8,4.3,5.7,2.8,0.0,0.0,2.8,21.3,15.2,0.231,0.231,0.0,0.077,0.462,1.0,1.0,0.333,15.0,0.54,0.462,0.154,3.3,6.4,4.8,17.4,2.8,0.0,0.0,17.5,0.1,0.0,0.1,0.111,1.6,0.9,2.5,0.0
555,Jahmyl Telfort,556,24,LAC,PF,8,0,32,0.0,6.2,0.0,0.0,6.2,0.0,0.0,0.0,0.0,0.0,1.6,6.2,0.25,0.0,4.7,4.7,1.6,1.6,0.0,1.6,7.8,1.6,24.1,0.0,0.0,0.0,0.0,1.0,0.0,0.0,0.5,-5.3,0.087,1.0,1.0,0.0,10.6,5.5,3.7,1.6,0.0,14.8,9.4,-0.1,0.0,-0.1,-0.163,-12.1,-1.7,-13.8,-0.1
556,Sean Pedulla,557,23,LAC,PG,7,0,31,8.0,24.1,0.333,4.8,16.0,0.3,3.2,8.0,0.4,0.433,0.0,0.0,0.0,0.0,4.8,4.8,8.0,0.0,0.0,1.6,6.4,20.9,20.9,0.0,0.133,0.133,0.067,0.667,0.5,1.0,0.2,6.6,0.433,0.667,0.0,0.0,11.0,5.6,23.8,0.0,0.0,6.3,22.9,0.0,0.0,0.0,-0.03,-6.9,-4.9,-11.8,-0.1
557,Harrison Ingram,558,23,SAS,SF,7,0,26,9.2,11.1,0.833,1.8,1.8,1.0,7.4,9.2,0.8,0.917,0.0,0.0,0.0,5.5,0.0,5.5,1.8,0.0,0.0,1.8,3.7,20.3,6.9,0.5,0.333,0.0,0.0,0.167,0.75,1.0,0.0,15.8,0.917,0.167,0.0,12.8,0.0,6.2,5.4,0.0,0.0,14.3,11.3,0.1,0.0,0.1,0.178,3.6,-1.4,2.3,0.0
558,Hunter Sallis,559,22,PHI,SG,7,0,26,5.6,9.3,0.6,0.0,0.0,0.0,5.6,9.3,0.6,0.6,1.9,3.7,0.5,0.0,1.9,1.9,7.4,0.0,1.9,9.3,3.7,13.0,5.4,0.4,0.4,0.2,0.0,0.0,0.333,0.0,0.0,2.0,0.595,0.0,0.4,0.0,4.2,2.1,20.6,0.0,3.6,46.0,17.7,-0.1,0.0,-0.1,-0.149,-7.7,-2.9,-10.6,-0.1
559,Mark Sears,560,23,MIL,PG,7,0,26,11.3,24.6,0.462,7.6,15.1,0.5,3.8,9.5,0.4,0.615,11.3,15.1,0.75,1.9,1.9,3.8,3.8,0.0,0.0,7.6,7.6,41.6,19.2,0.077,0.154,0.154,0.0,0.615,0.0,0.75,0.0,15.2,0.666,0.615,0.615,4.4,4.3,4.3,12.5,0.0,0.0,19.5,34.9,0.0,0.0,0.0,0.013,2.4,-4.6,-2.2,0.0
560,Orlando Robinson,561,25,ORL,C,4,1,25,5.8,9.6,0.6,1.9,3.8,0.5,3.8,5.8,0.667,0.7,0.0,0.0,0.0,3.8,3.8,7.7,5.8,1.9,0.0,0.0,5.8,13.4,13.0,0.4,0.2,0.0,0.0,0.4,1.0,1.0,0.0,14.6,0.7,0.4,0.0,8.8,9.0,8.9,16.5,1.9,0.0,0.0,8.4,0.1,0.0,0.1,0.196,0.8,0.6,1.4,0.0
561,Hayden Gray,562,22,UTA,SG,1,0,25,3.8,5.6,0.667,0.0,1.9,0.0,3.8,3.8,1.0,0.667,3.8,3.8,1.0,0.0,0.0,0.0,1.9,1.9,1.9,1.9,0.0,11.3,15.8,0.0,0.333,0.333,0.0,0.333,0.0,0.0,0.0,9.4,0.773,0.333,0.667,0.0,0.0,0.0,5.0,1.9,3.9,20.5,8.0,0.0,0.0,0.0,0.044,-3.7,-1.6,-5.3,0.0
562,Vladislav Goldin,563,24,MIA,C,9,0,24,5.8,7.7,0.75,0.0,0.0,0.0,5.8,7.7,0.75,0.75,1.9,1.9,1.0,5.8,11.6,17.4,5.8,0.0,5.8,5.8,9.7,13.5,1.5,0.75,0.25,0.0,0.0,0.0,1.0,0.0,0.0,14.7,0.788,0.0,0.25,12.9,26.1,19.4,15.9,0.0,11.1,40.3,12.6,0.0,0.0,0.1,0.121,-5.0,4.5,-0.5,0.0
563,Norchad Omier,564,24,LAC,PF,6,0,24,14.5,20.7,0.7,0.0,2.1,0.0,14.5,18.7,0.778,0.7,6.2,6.2,1.0,8.3,6.2,14.5,4.1,2.1,0.0,0.0,8.3,35.2,6.2,0.6,0.2,0.1,0.0,0.1,0.857,0.0,0.0,31.5,0.751,0.1,0.3,19.9,14.2,17.0,15.2,2.1,0.0,0.0,20.9,0.2,0.0,0.2,0.38,6.2,-0.1,6.0,0.0
564,Alex Morales,565,28,ORL,PG,4,0,24,6.0,14.0,0.429,0.0,2.0,0.0,6.0,12.0,0.5,0.429,4.0,4.0,1.0,2.0,4.0,6.0,8.0,0.0,0.0,8.0,14.0,16.0,8.2,0.286,0.429,0.143,0.0,0.143,0.0,0.0,0.0,0.9,0.508,0.143,0.286,4.6,9.4,7.0,23.1,0.0,0.0,33.7,20.9,-0.1,0.0,-0.1,-0.104,-12.2,-3.8,-16.0,-0.1
565,Jayson Kent,566,23,POR,SF,5,0,22,8.7,15.2,0.571,2.2,8.7,0.25,6.5,6.5,1.0,0.643,2.2,2.2,1.0,0.0,10.9,10.9,0.0,2.2,2.2,0.0,2.2,21.7,15.2,0.429,0.0,0.0,0.0,0.571,0.667,1.0,0.25,17.3,0.672,0.571,0.143,0.0,25.0,12.3,0.0,2.2,4.0,0.0,13.8,0.0,0.0,0.1,0.181,0.6,3.6,4.2,0.0
566,Alex Antetokounmpo,567,24,MIL,SF,6,0,21,7.0,18.7,0.375,4.7,16.4,0.286,2.3,2.3,1.0,0.5,25.8,35.1,0.733,4.7,9.4,14.1,2.3,0.0,2.3,2.3,2.3,44.5,23.9,0.0,0.0,0.125,0.0,0.875,1.0,1.0,0.429,28.6,0.651,0.875,1.875,10.9,21.4,16.2,6.8,0.0,4.8,6.4,32.8,0.1,0.0,0.1,0.282,7.3,-1.9,5.4,0.0
567,Colin Castleton,568,25,ORL,C,4,0,21,4.6,11.4,0.4,0.0,0.0,0.0,4.6,11.4,0.4,0.4,2.3,2.3,1.0,4.6,13.7,18.3,2.3,2.3,0.0,4.6,4.6,11.4,6.2,0.2,0.8,0.0,0.0,0.0,0.5,0.0,0.0,7.9,0.46,0.0,0.2,10.5,32.2,21.3,6.3,2.3,0.0,26.9,15.0,0.0,0.0,0.0,-0.003,-6.1,-1.5,-7.7,0.0
568,Brandon Clarke,569,29,MEM,PF,2,2,20,7.1,21.3,0.333,0.0,0.0,0.0,7.1,21.3,0.333,0.333,4.7,9.5,0.5,9.5,4.7,14.2,2.4,4.7,0.0,0.0,11.8,18.9,4.1,0.556,0.444,0.0,0.0,0.0,0.667,0.0,0.0,12.3,0.372,0.0,0.444,21.3,11.0,16.2,7.1,4.7,0.0,0.0,22.4,0.0,0.0,0.0,0.038,-4.7,-0.2,-4.9,0.0
569,Jacob Toppin,570,25,ATL,SF,5,0,17,11.1,16.7,0.667,0.0,0.0,0.0,11.1,16.7,0.667,0.667,0.0,0.0,0.0,0.0,2.8,2.8,2.8,0.0,2.8,0.0,2.8,22.2,4.8,0.5,0.167,0.333,0.0,0.0,0.5,0.0,0.0,15.2,0.667,0.0,0.0,0.0,6.5,3.2,8.8,0.0,5.3,0.0,14.7,0.0,0.0,0.0,0.13,-0.1,0.6,0.5,0.0
570,Chris Livingston,571,22,CLE,SF,3,0,17,11.3,19.8,0.571,0.0,8.5,0.0,11.3,11.3,1.0,0.571,2.8,2.8,1.0,0.0,8.5,8.5,2.8,2.8,0.0,0.0,11.3,25.4,11.7,0.429,0.143,0.0,0.0,0.429,0.75,0.0,1.0,15.4,0.605,0.429,0.143,0.0,19.3,9.7,8.9,2.8,0.0,0.0,18.4,0.0,0.0,0.1,0.164,-4.7,2.1,-2.7,0.0
571,Trevor Keels,572,22,MIA,SG,8,0,15,9.3,37.1,0.25,6.2,27.8,0.222,3.1,9.3,0.333,0.333,0.0,0.0,0.0,0.0,6.2,6.2,0.0,3.1,0.0,0.0,0.0,24.8,21.8,0.083,0.083,0.0,0.083,0.75,1.0,1.0,0.111,2.8,0.333,0.75,0.0,0.0,13.9,6.9,0.0,3.1,0.0,0.0,32.6,-0.1,0.0,-0.1,-0.197,-9.4,-5.2,-14.5,0.0
572,Buddy Boeheim,573,26,OKC,SF,4,0,15,6.4,19.3,0.333,6.4,19.3,0.333,0.0,0.0,0.0,0.5,0.0,0.0,0.0,0.0,0.0,0.0,0.0,0.0,0.0,0.0,3.2,19.3,24.8,0.0,0.0,0.0,0.0,1.0,0.0,1.0,0.667,4.6,0.5,1.0,0.0,0.0,0.0,0.0,0.0,0.0,0.0,0.0,17.3,0.0,0.0,0.0,0.012,-3.8,-4.5,-8.4,0.0
573,N'Faly Dante,574,24,ATL,C,4,0,15,3.1,12.6,0.25,0.0,0.0,0.0,3.1,12.6,0.25,0.25,3.1,3.1,1.0,9.4,12.6,22.0,0.0,6.3,0.0,3.1,3.1,9.4,4.3,0.5,0.25,0.25,0.0,0.0,1.0,0.0,0.0,12.4,0.338,0.0,0.25,21.4,29.4,25.3,0.0,6.3,0.0,18.4,15.1,0.0,0.0,0.0,0.051,-3.7,-0.8,-4.5,0.0
574,Chucky Hepburn,575,22,TOR,PG,2,0,13,0.0,22.5,0.0,0.0,18.8,0.0,0.0,3.8,0.0,0.0,0.0,0.0,0.0,0.0,3.8,3.8,7.5,3.8,0.0,3.8,7.5,0.0,23.0,0.0,0.0,0.167,0.0,0.833,0.0,0.0,0.0,-13.5,0.0,0.833,0.0,0.0,8.8,4.4,17.4,3.8,0.0,14.3,23.1,-0.1,0.0,-0.1,-0.441,-20.7,-3.1,-23.8,-0.1
575,Tristen Newton,576,24,HOU,SG,1,0,12,16.7,37.5,0.444,8.3,20.8,0.4,8.3,16.7,0.5,0.556,8.3,12.5,0.667,8.3,4.2,12.5,0.0,4.2,0.0,0.0,0.0,50.0,17.1,0.111,0.222,0.0,0.111,0.556,1.0,1.0,0.4,32.8,0.581,0.556,0.333,18.7,9.1,13.9,0.0,4.2,0.0,0.0,36.2,0.1,0.0,0.1,0.28,8.5,0.0,8.4,0.0
576,Tosan Evbuomwan,577,24,NYK,SF,5,0,8,0.0,6.2,0.0,0.0,0.0,0.0,0.0,6.2,0.0,0.0,0.0,0.0,0.0,6.2,6.2,12.4,0.0,0.0,0.0,0.0,6.2,0.0,6.2,0.0,1.0,0.0,0.0,0.0,0.0,0.0,0.0,-0.3,0.0,0.0,0.0,13.9,14.0,14.0,0.0,0.0,0.0,0.0,5.4,0.0,0.0,0.0,-0.025,-8.5,-3.0,-11.5,0.0
577,Stanley Umude,578,26,SAS,SG,2,0,7,6.9,13.7,0.5,0.0,6.9,0.0,6.9,6.9,1.0,0.5,0.0,0.0,0.0,0.0,0.0,0.0,6.9,6.9,0.0,0.0,13.7,13.7,16.4,0.0,0.5,0.0,0.0,0.5,1.0,0.0,1.0,11.6,0.5,0.5,0.0,0.0,0.0,0.0,18.8,6.9,0.0,0.0,12.0,0.0,0.0,0.0,0.165,-6.7,7.1,0.4,0.0
578,Colby Jones,579,23,DET,SG,1,0,7,6.9,20.7,0.333,0.0,13.8,0.0,6.9,6.9,1.0,0.333,0.0,0.0,0.0,0.0,27.6,27.6,13.8,0.0,0.0,0.0,6.9,13.8,16.9,0.0,0.333,0.0,0.0,0.667,0.0,0.0,1.0,12.9,0.333,0.667,0.0,0.0,63.1,32.1,37.8,0.0,0.0,0.0,17.8,0.0,0.0,0.0,0.124,-3.2,5.7,2.4,0.0
579,Noa Essengue,580,19,CHI,PF,2,0,6,0.0,23.4,0.0,0.0,15.6,0.0,0.0,7.8,0.0,0.0,0.0,0.0,0.0,0.0,0.0,0.0,0.0,7.8,0.0,0.0,7.8,0.0,16.9,0.333,0.0,0.0,0.0,0.667,0.0,0.0,0.5,-11.9,0.0,0.667,0.0,0.0,0.0,0.0,0.0,7.8,0.0,0.0,20.8,-0.1,0.0,-0.1,-0.417,-20.7,-3.0,-23.7,0.0
580,Trentyn Flowers,581,20,CHI,SF,2,0,6,15.6,23.4,0.667,0.0,7.8,0.0,15.6,15.6,1.0,0.667,0.0,0.0,0.0,7.8,0.0,7.8,7.8,0.0,0.0,7.8,7.8,31.2,8.3,0.667,0.0,0.0,0.0,0.333,0.5,0.0,1.0,16.7,0.667,0.333,0.0,17.9,0.0,8.8,30.5,0.0,0.0,25.0,27.8,0.0,0.0,0.0,0.023,1.7,-2.7,-1.0,0.0
581,Darius Brown II,582,26,CLE,SG,1,0,3,0.0,16.0,0.0,0.0,0.0,0.0,0.0,16.0,0.0,0.0,0.0,0.0,0.0,0.0,16.0,16.0,0.0,0.0,0.0,0.0,0.0,0.0,17.5,0.0,0.0,0.0,1.0,0.0,0.0,0.0,0.0,-7.7,0.0,0.0,0.0,0.0,36.5,18.3,0.0,0.0,0.0,0.0,14.0,0.0,0.0,0.0,-0.269,-16.3,-2.4,-18.7,0.0
